name,cent_ra,cent_ra-,cent_ra+,cent_dec,cent_dec-,cent_dec+,position_angle,position_angle-,position_angle+,ax_ratio,ax_ratio-,ax_ratio+
LoVoCCS-1,227.73324,2e-05,2e-05,5.74338,3e-05,3e-05,-73.0512,0.203,0.2157,0.9202,0.0011,0.0012
LoVoCCS-2,44.73661,0.00017,0.00015,13.5773,0.00018,0.00016,23.7327,4.3632,3.8393,0.9746,0.0049,0.0043
LoVoCCS-4A,10.46006,3e-05,4e-05,-9.30457,4e-05,4e-05,67.2727,0.2179,0.1952,0.891,0.0009,0.001
LoVoCCS-4B,10.4633,0.00018,0.00016,-9.4328,0.00024,0.00029,-71.952,0.9161,1.0538,0.9176,0.0047,0.0038
LoVoCCS-5,303.14189,0.00014,0.00015,-56.83829,9e-05,7e-05,40.0924,0.219,0.2355,0.8262,0.0011,0.0012
LoVoCCS-7,330.47766,0.00011,0.00024,-59.94796,0.00011,0.00011,-78.3924,0.9435,0.8295,0.9519,0.0032,0.0037
LoVoCCS-9,67.84439,7e-05,8e-05,-61.43277,3e-05,5e-05,-33.7707,0.2053,0.2984,0.9303,0.0007,0.0006
LoVoCCS-10,194.84202,0.0002,0.00018,-4.19338,0.00018,0.00017,-19.6146,2.7007,2.8017,0.9552,0.0055,0.0062
LoVoCCS-11,137.28956,0.00012,0.00013,-9.67278,0.0001,0.0001,4.6972,0.3387,0.3087,0.9705,0.0019,0.002
LoVoCCS-12,206.86624,0.00013,0.00012,-32.85227,0.00013,0.00012,-81.7735,0.337,0.2966,0.9488,0.002,0.002
LoVoCCS-13,49.49205,2e-05,4e-05,-44.23444,3e-05,4e-05,-81.0936,0.3285,0.2694,0.9522,0.0016,0.0015
LoVoCCS-14,44.45951,0.00026,0.00026,13.04881,0.00024,0.00024,-68.2931,1.9195,2.6519,0.9424,0.0058,0.0068
LoVoCCS-15,351.33192,3e-05,3e-05,-12.12413,3e-05,2e-05,56.1901,0.2414,0.3212,0.8205,0.0018,0.0018
LoVoCCS-18,194.67273,7e-05,9e-05,-1.75993,9e-05,0.0001,71.5349,0.7551,0.6469,0.9173,0.0025,0.0029
LoVoCCS-21,201.99582,0.00011,0.00013,-31.50253,0.00014,0.00013,72.9447,0.5902,0.5292,0.9346,0.0022,0.0022
LoVoCCS-22,308.69555,0.00031,0.00034,-35.82373,0.00017,0.00034,59.1998,2.2343,1.8221,0.8974,0.0078,0.0055
LoVoCCS-24,342.49458,0.00028,0.00039,-64.42981,0.00013,0.00013,-3.5817,0.6688,0.8696,0.9769,0.004,0.0055
LoVoCCS-26,333.63262,0.0002,0.00022,-10.37348,0.00019,0.00018,7.5369,3.7574,4.484,0.9827,0.0104,0.0075
LoVoCCS-27,55.71625,0.00018,0.00021,-53.63021,0.00011,0.00015,3.9355,0.5397,0.8268,0.9814,0.0037,0.0028
LoVoCCS-28,184.41817,0.00016,0.00016,3.65849,0.00014,0.00016,-48.3948,1.3163,1.0859,0.8881,0.0037,0.0036
LoVoCCS-29,10.53251,0.00013,0.00015,-28.53675,0.00013,0.00011,51.999,1.0158,0.9643,0.8631,0.004,0.0044
LoVoCCS-30,139.52343,2e-05,2e-05,-12.09479,2e-05,2e-05,67.9577,0.2055,0.1598,0.9038,0.0007,0.0008
LoVoCCS-31,332.58371,0.00018,0.00018,-12.17421,0.00021,0.00019,-41.6462,2.3074,2.3653,0.9277,0.0053,0.006
LoVoCCS-35,341.5829,0.00034,0.00028,-52.73462,0.00018,0.0002,46.8493,0.5052,0.5753,0.7478,0.0033,0.0048
LoVoCCS-39,229.69106,0.00012,0.00011,6.23282,0.00014,0.00016,87.7476,5.4606,5.6916,0.9952,0.0155,0.0085
LoVoCCS-41A,202.70519,0.00018,0.00019,-1.86322,0.00021,0.00018,-49.9278,2.1341,2.0307,0.9132,0.0069,0.0077
LoVoCCS-41B,202.79096,0.00037,0.00026,-1.72106,0.00037,0.00032,-63.6496,1.5838,1.6297,0.8655,0.0082,0.0092
LoVoCCS-42,328.53761,0.00056,0.00043,-57.85895,0.00024,0.00031,-24.4337,1.5537,1.4651,0.9073,0.0067,0.0085
LoVoCCS-45,26.25063,0.00023,0.00021,-53.0216,0.00016,0.00016,26.6593,0.6893,0.5477,0.7917,0.0048,0.0043
LoVoCCS-46A,335.97979,0.00019,0.00028,-1.60749,0.00024,0.00022,-56.913,0.5415,0.5674,0.7238,0.0042,0.0056
LoVoCCS-46B,336.06041,0.00053,0.00058,-1.52331,0.00075,0.00076,-50.868,2.8461,2.1576,0.827,0.0183,0.0125
LoVoCCS-46C,335.96499,0.00019,0.0002,-1.63117,0.00018,0.00027,-62.9988,1.0607,0.9641,0.83,0.0059,0.0064
LoVoCCS-48A,194.30067,0.00023,0.00027,-17.4102,0.00035,0.00029,-65.4237,2.7719,2.0713,0.958,0.0062,0.0063
LoVoCCS-48B,194.42836,0.0007,0.00064,-17.30131,0.00051,0.00075,-49.0622,1.5473,1.5389,0.8817,0.0151,0.0108
LoVoCCS-49,175.35115,0.00014,0.00018,-12.27678,0.00018,0.00017,-15.6942,4.2784,5.143,0.9628,0.0092,0.0137
LoVoCCS-51,334.50081,0.00052,0.00058,-65.18335,0.00023,0.0002,66.8089,4.3462,4.0896,0.9562,0.0078,0.0065
LoVoCCS-58,323.56815,0.00036,0.00052,-13.44328,0.00057,0.00047,79.4437,1.3101,1.5257,0.9019,0.0122,0.0136
LoVoCCS-60A,334.56612,0.0002,0.00015,-3.82098,0.00014,0.00015,-20.4467,0.4317,0.5417,0.8548,0.0032,0.0027
LoVoCCS-60B,334.66436,0.00015,0.00014,-3.7796,9e-05,0.00013,-14.3067,0.8539,0.5808,0.9044,0.0043,0.0045
LoVoCCS-61,336.51904,7e-05,8e-05,17.37296,0.0001,9e-05,85.9827,0.741,0.6051,0.9799,0.0039,0.0033
LoVoCCS-63,229.07837,0.00015,0.00012,0.0936,0.00013,0.00013,-45.4122,2.1341,1.5513,0.9083,0.0072,0.0053
LoVoCCS-65,201.74519,0.00072,0.00073,-27.16271,0.00066,0.00057,-9.1555,4.4388,5.6794,0.98,0.0101,0.0121
LoVoCCS-66A,328.08886,0.00025,0.00039,-19.55216,0.00041,0.00031,-57.6264,16.2505,15.3853,0.9764,0.0166,0.0148
LoVoCCS-66B,328.0383,0.00074,0.00038,-19.71128,0.00058,0.00045,-18.2614,15.9278,14.9242,0.9766,0.0205,0.0185
LoVoCCS-67,359.25192,7e-05,7e-05,-34.75819,5e-05,5e-05,54.8466,0.1599,0.2031,0.789,0.0014,0.0017
LoVoCCS-74,332.34501,0.0006,0.00046,-51.81106,0.00037,0.00029,63.4082,2.9325,3.7294,0.9112,0.0107,0.0135
LoVoCCS-75,346.80671,0.00024,0.00019,-15.22727,0.00025,0.00027,-75.168,3.0013,3.5351,0.9458,0.0114,0.0124
LoVoCCS-76,348.25685,0.0002,0.00022,-21.63303,0.00022,0.00024,51.5048,2.4759,1.8184,0.8729,0.009,0.01
LoVoCCS-80,52.14998,0.00047,0.00049,-55.71034,0.00024,0.00023,-62.5961,10.5866,13.4809,0.9817,0.0098,0.0104
LoVoCCS-85,12.34578,0.00025,0.00021,-29.52119,0.0003,0.00022,60.8463,3.0666,3.3532,0.9232,0.0111,0.0102
LoVoCCS-89,348.08096,0.00044,0.00047,-21.50379,0.0004,0.0004,86.6489,5.7197,5.7058,0.9877,0.0189,0.009
LoVoCCS-90,227.8623,0.00072,0.00095,6.35068,0.00066,0.00071,8.0486,6.7857,9.508,0.9808,0.0221,0.0162
LoVoCCS-93A,96.91137,0.0007,0.00078,-54.44348,0.00038,0.00044,27.476,0.9732,0.8175,0.8247,0.0062,0.0061
LoVoCCS-93B,96.66249,0.00085,0.00081,-54.52782,0.00039,0.00042,13.0329,0.9758,0.9121,0.9148,0.0066,0.0068
LoVoCCS-94,191.15018,0.00034,0.00033,-11.99576,0.00039,0.00029,-73.1505,4.8869,3.5406,0.954,0.0126,0.016
LoVoCCS-98,358.55783,0.00023,0.00028,-10.41625,0.00029,0.00025,-57.4205,49.3466,99.9484,0.9983,0.0073,0.0034
LoVoCCS-99,194.33604,0.0006,0.00062,-30.3653,0.00043,0.00046,-59.0525,3.6487,4.0879,0.9319,0.0083,0.0083
LoVoCCS-119,125.25854,7e-05,7e-05,7.86477,5e-05,7e-05,10.511,1.4012,2.0074,0.9708,0.0072,0.0042
LoVoCCS-121,52.48048,0.00038,0.00036,-52.58025,0.00021,0.00021,-50.0299,5.2012,4.3618,0.9639,0.0049,0.0054
LoVoCCS-123,193.67606,0.00025,0.00031,-29.2289,0.00024,0.00023,53.7771,4.6963,4.0449,0.9249,0.0117,0.0113
LoVoCCS-131,137.65153,0.00056,0.0005,-10.58249,0.00041,0.00039,-8.9425,3.3579,2.5592,0.9575,0.0145,0.0125
LoVoCCS-134,329.60264,0.00127,0.00113,-60.41837,0.00059,0.00061,89.6842,4.1761,3.5701,0.9997,0.0099,0.0042
