name,MCXC,LoVoCCSID,ra,dec,redshift,r500,Tx500,Tx500-,Tx500+,Lx500_0.5-2.0,Lx500_0.5-2.0-,Lx500_0.5-2.0+,Lx500_0.01-100.0,Lx500_0.01-100.0-,Lx500_0.01-100.0+,Tx500ce,Tx500ce-,Tx500ce+,Lx500ce_0.5-2.0,Lx500ce_0.5-2.0-,Lx500ce_0.5-2.0+,Lx500ce_0.01-100.0,Lx500ce_0.01-100.0-,Lx500ce_0.01-100.0+
LoVoCCS-0,J1558.3+2713,0,239.5858333,27.22694444,0.0894,1244.273663446654,6.70456,0.0354563969999999,0.035429508,6.639504102e+44,1.9396294837440005e+43,1.6708794980579281e+43,2.485608982e+45,9.503753151265862e+43,8.063708294399277e+43,6.74132,0.060204498,0.0600676800000004,3.707083074e+44,2.805471204062608e+43,1.9451685487019508e+43,1.391310341e+45,8.615253335116769e+43,6.426315838141733e+43
LoVoCCS-1,J1510.9+0543,1,227.7291667,5.72,0.0766,,,,,,,,,,,,,,,,,,,
LoVoCCS-2,J0258.9+1334,2,44.73958333,13.57944444,0.0739,,,,,,,,,,,,,,,,,,,
LoVoCCS-3,J1348.8+2635,3,207.2208333,26.59555556,0.0622,942.7883969655662,4.37461,0.0238986749999998,0.0238203530000005,3.7228507610000006e+44,6.813599305835502e+41,5.4909536832696015e+41,1.141321418e+45,3.83927176847522e+42,3.328100620714561e+42,4.51626,0.0469864900000001,0.0467634439999997,1.876618626e+44,6.1435149668810015e+41,5.16076146768e+41,5.8385373159999995e+44,3.52421537051174e+42,4.147552353605781e+42
LoVoCCS-4,J0041.8-0918,4,10.45875,-9.301944444,0.0555,,,,,,,,,,,,,,,,,,,
LoVoCCS-5,J1524.1+2955,5,231.0408333,29.92111111,0.1145,1099.9876051219064,5.46027,0.08424384,0.0885024889999996,1.778034154e+44,9.1619919133086e+41,7.786611279962201e+41,6.057990178e+44,6.046582177543051e+42,4.885969716014741e+42,5.40345,0.0801113110000004,0.0952408719999997,1.640437802e+44,6.6908543136046995e+41,1.0437585397009601e+42,5.561359931000001e+44,4.4066367153456905e+42,4.4572272040835705e+42
LoVoCCS-6,J2201.9-5956,6,330.4833333,-59.94944444,0.098,1148.9673001366962,5.85507,0.0596783380000003,0.0596739709999996,1.422399308e+44,1.0145513601298899e+42,1.0384223209406401e+42,5.004835919e+44,4.81826603217337e+42,3.786862851411041e+42,5.65624,0.0778416900000005,0.0778306269999999,7.047047225e+43,8.042867091737099e+41,7.2000071349073e+41,2.4396475620000006e+44,3.478116818672411e+42,2.9494158333744105e+42
LoVoCCS-7,J1702.7+3403,7,255.67875,34.06194444,0.0953,1059.111563046213,5.03063,0.0354764560000004,0.0354909349999994,2.920046895e+44,7.840241686486101e+41,7.337971426362499e+41,9.561974632000002e+44,4.3005427962333896e+42,3.961577267724551e+42,4.97629,0.0551066779999995,0.0551237670000004,1.688395039e+44,5.2661731826854e+41,7.945420225940201e+41,5.500384422e+44,3.1936135280252896e+42,3.1904751135886604e+42
LoVoCCS-8,J0431.4-6126,8,67.85041667,-61.44388889,0.0589,,,,,,,,,,,,,,,,,,,
LoVoCCS-9,J1259.3-0411,9,194.8395833,-4.194722222,0.0845,1100.6757956829683,0.320062,0.0018464098,0.0018644013999999,1.397538257e+44,9.284060289644201e+41,1.0746535741393201e+42,2.7602434240000003e+44,1.6004857163658402e+42,2.2381548215455198e+42,5.45854,0.1190140030000002,0.127796387,1.883258789e+44,1.1134250078292e+42,1.6919167128883006e+42,6.408237114e+44,7.02163433556894e+42,7.331553502859599e+42
LoVoCCS-10,J0909.1-0939,10,137.285,-9.666111111,0.0542,,,,,,,,,,,,,,,,,,,
LoVoCCS-11,J1347.4-3250,11,206.8683333,-32.84972222,0.0391,,,,,,,,,,,,,,,,,,,
LoVoCCS-12,J0317.9-4414,12,49.49375,-44.23888889,0.0752,940.2368770806428,4.01412,0.0092183210000005,0.009211177,2.4794401770000003e+44,4.8725534358889e+41,4.3483851901690995e+41,7.308111151000001e+44,1.7108195881639402e+42,1.1418500236381102e+42,4.27077,0.0195208299999993,0.0195289790000003,1.141477651e+44,2.985617817778501e+41,2.4370826485611998e+41,3.46116245e+44,1.3845083563650802e+42,8.3792952373667e+41
LoVoCCS-13,J0257.8+1302,13,44.4575,13.04916667,0.0722,,,,,,,,,,,,,,,,,,,
LoVoCCS-14,J2325.3-1207,14,351.3333333,-12.12722222,0.0852,890.2077477728136,3.6773,0.0094592209999997,0.009481375,2.4930794610000004e+44,6.262790694962201e+41,6.581265820750801e+41,7.0651431909999995e+44,2.2522259184616198e+42,1.7589937513027102e+42,3.55943,0.0193761429999996,0.019391498,9.778243157e+43,3.4943025676549996e+41,4.0759162738388015e+41,2.731444285e+44,1.68867629348974e+42,1.18922071100892e+42
LoVoCCS-15,J1703.8+7838,15,255.9533333,78.64444444,0.0581,,,,,,,,,,,,,,,,,,,
LoVoCCS-16,J1510.1+3330,16,227.54875,33.51472222,0.113,1197.1459285139254,6.34193,0.082107605,0.0821274790000003,2.7340243229999997e+44,1.2399192830383402e+42,1.9521814460862802e+42,9.994933923e+44,7.01609219942258e+42,7.525645894610851e+42,6.15506,0.1065645559999994,0.1033927700000001,2.083312411e+44,1.2996403850338901e+42,1.7370013837501098e+42,7.510845564e+44,7.586153147946129e+42,6.285093624323591e+42
LoVoCCS-17,J1258.6-0145,17,194.67125,-1.756944444,0.0845,1047.4045354997234,4.91482,0.0353018949999999,0.0352928430000005,2.6197067370000004e+44,4.8645203356253e+41,6.562696172601101e+41,8.483486893e+44,3.69659940148565e+42,3.6263258966912506e+42,4.77716,0.0495928560000002,0.0495796979999996,1.590433568e+44,4.207975022463101e+41,6.2684986546098015e+41,5.0820015770000006e+44,2.6482328095483505e+42,2.91912082707665e+42
LoVoCCS-19,J1558.3-1410,19,239.5966667,-14.16777778,0.097,952.7536284799236,4.18431,0.0218330880000001,0.0218747630000004,2.616146241e+44,7.2521200818795e+41,6.938751243561701e+41,7.858460425e+44,3.62616982084365e+42,2.75784139130397e+42,4.24646,0.0366860049999999,0.036847163,1.3793423650000002e+44,7.7020263806688e+41,5.2939259887091014e+41,4.171636557000001e+44,2.7567922981774004e+42,2.75980125908505e+42
LoVoCCS-20,J1327.9-3130,20,201.9895833,-31.5025,0.048,,,,,,,,,,,,,,,,,,,
LoVoCCS-21,J2034.7-3548,21,308.6995833,-35.81333333,0.0894,1022.943673351498,4.71246,0.0786406890000002,0.0787501700000001,1.8083512759999997e+44,1.1343414508463901e+42,1.1036069297853601e+42,5.740965576e+44,6.401464657168251e+42,5.803827186793481e+42,4.75062,0.0931217669999995,0.0932371880000006,1.4899274579999999e+44,1.0183529914491301e+42,1.0294533880530401e+42,4.7480870119999995e+44,5.248827515252661e+42,7.084094661794391e+42
LoVoCCS-22,J1712.7+6403,22,258.1966667,64.06138889,0.0809,1217.1286967080798,4.28132,0.3365764420000001,0.381980747,2.199649154e+44,6.91978897622171e+42,6.77988130331328e+42,6.7591790580000005e+44,3.659984641500595e+43,2.0571196496465464e+43,4.23315,0.4194226950000002,0.4824930209999998,1.7874410630000003e+44,6.861217255736749e+42,5.5256223717730795e+42,5.4679107940000006e+44,4.767164422597742e+43,2.1098122723886888e+43
LoVoCCS-23,J2249.9-6425,23,342.4875,-64.42944444,0.094,1044.2157024788005,4.90043,0.0453660630000003,0.0453877199999999,2.1334605400000005e+44,7.4176130046255e+41,6.507046733662099e+41,6.9006425730000006e+44,3.984784423113821e+42,3.62519051549901e+42,4.79421,0.0531905769999996,0.0537211340000007,1.623089084e+44,6.468734409385701e+41,6.218689767406702e+41,5.195866164e+44,3.2707081276772905e+42,4.28372364545567e+42
LoVoCCS-25,J2214.5-1022,25,333.6358333,-10.37166667,0.098,1024.0163038184864,4.75305,0.0666960159999998,0.0667976949999999,2.1184338380000003e+44,1.1730784737605501e+42,1.0664493569363501e+42,6.754788344e+44,6.335218166112961e+42,5.83375178397996e+42,5.0551,0.1091503290000002,0.1152238979999999,1.298647385e+44,9.5117365248669e+41,9.4418559604308e+41,4.2633328600000005e+44,5.3688867133512396e+42,7.06988476768225e+42
LoVoCCS-26,J0342.8-5338,26,55.72458333,-53.63527778,0.059,,,,,,,,,,,,,,,,,,,
LoVoCCS-27,J1217.6+0339,27,184.4191667,3.6625,0.0766,977.7887482776896,5.55777,0.0637069719999994,0.0636528820000004,1.8010048100000002e+44,6.9935534930488e+41,5.047346655128501e+41,6.177456265000001e+44,2.7175770163644905e+42,4.4264097473950804e+42,5.4433,0.0750158269999996,0.08181305,1.393992045e+44,5.0903729902454e+41,7.911366419014302e+41,4.7357278830000005e+44,3.3057332542173497e+42,3.4053002369397104e+42
LoVoCCS-28,J0042.1-2832,28,10.53625,-28.53583333,0.1082,1027.9935539824037,4.82938,0.0525855469999996,0.0580014400000008,2.13944366e+44,9.237248494236802e+41,7.333794323850902e+41,6.874720522e+44,5.1490766581499306e+42,4.5401770789322304e+42,4.9059,0.0760711279999997,0.0760160540000001,1.4722160719999999e+44,5.9484328229578016e+41,8.8301815595853e+41,4.765858055e+44,3.7166625959505103e+42,4.0510979128617297e+42
LoVoCCS-29,J0918.1-1205,29,139.5270833,-12.09333333,0.0539,,,,,,,,,,,,,,,,,,,
LoVoCCS-30,J2210.3-1210,30,332.5820833,-12.17611111,0.0846,1085.6377453241894,5.42502,0.0824936679999996,0.0900855830000004,2.126458041e+44,1.1498996158796499e+42,1.01273804520369e+42,7.215031434e+44,8.248072221478261e+42,6.29030778715823e+42,5.103,0.0964539100000001,0.1029186869999998,1.625134235e+44,8.342456695376499e+41,1.3323146113284503e+42,5.357139084000001e+44,5.36109308566186e+42,5.69034671576689e+42
LoVoCCS-31,J1522.4+2742,31,230.6104167,27.70944444,0.0723,1023.2329972512264,4.65865,0.0438917079999994,0.0440122700000005,1.909785245e+44,7.119157209296502e+41,9.2756653655515e+41,6.029338018e+44,4.273697114081141e+42,2.82250712019845e+42,4.68088,0.0610131040000005,0.060972124,1.3088683320000002e+44,9.239757970663802e+41,1.0422516856836601e+42,4.141343341e+44,4.236590863923661e+42,3.69251866409075e+42
LoVoCCS-33,J0011.7+3225,33,2.935,32.41694444,0.1073,999.2373317857948,4.59293,0.0586164980000001,0.062879037,1.6124413250000002e+44,8.495971418065399e+41,8.4660938913734e+41,5.0598441519999996e+44,5.105623838774221e+42,4.3616536965529203e+42,4.56297,0.0723133129999995,0.0742876030000001,1.227624353e+44,8.0767491955868e+41,7.4870798524617e+41,3.8404830809999995e+44,4.11878117222989e+42,5.148698301912761e+42
LoVoCCS-34,J2246.3-5243,34,341.5775,-52.72944444,0.0965,1046.7543425592526,4.94093,0.0596211029999995,0.0596521540000001,1.782208667e+44,8.342204343099203e+41,7.649031911850503e+41,5.7864688589999996e+44,4.4761427262147897e+42,4.155402051133341e+42,4.74337,0.0638720929999996,0.063918417,1.48904306e+44,5.9134572074124996e+41,9.3171874162147e+41,4.7423036349999995e+44,3.21891428268119e+42,3.4149433972370896e+42
LoVoCCS-35,J0736.4+3925,35,114.1058333,39.43333333,0.1177,699.6738793023737,2.47816,0.0474213529999998,0.047496245,1.037577852e+44,9.7397017008248e+41,9.204976276079801e+41,2.5026325390000003e+44,3.4799682378505904e+42,4.161752610746061e+42,2.6312,0.0692111590000004,0.0734121369999996,6.668152971000001e+43,8.446677514981599e+41,8.3296120351235e+41,1.64410672e+44,3.1322282082866405e+42,3.88142376609391e+42
LoVoCCS-36,J2331.2-3630,36,352.8029167,-36.50666667,0.0957,860.0113547834467,3.48771,0.0400027939999998,0.0400902050000002,1.3597770410000002e+44,1.76743279126695e+42,1.8153101354006304e+42,3.763298044e+44,6.830740679458519e+42,4.953841008811441e+42,4.14396,0.086202697,0.0843145090000003,7.962412266000001e+43,1.91468565371807e+42,1.3012722462152603e+42,2.3812250639999997e+44,4.5719378867469305e+42,6.540784024025311e+42
LoVoCCS-38,J1518.7+0613,38,229.69,6.231111111,0.1021,768.8884977196072,2.88241,0.0380148840000003,0.039574843,1.716600951e+44,1.4681157443271202e+42,1.30182920378705e+42,4.387089689e+44,5.0258109331899114e+42,4.5289123842048704e+42,3.50327,0.1767021859999999,0.1826946519999999,4.379953177e+43,9.7927089146301e+41,9.2990414963906e+41,1.2144946400000002e+44,3.6549325666654505e+42,4.6693647191512696e+42
LoVoCCS-39,J1539.5-8335,39,234.89125,-83.59222222,0.0728,962.8958177684372,4.17536,0.0592179910000005,0.0592752139999994,1.53388715e+44,8.316460693466802e+41,8.393342625044501e+41,4.603426392000001e+44,4.667263658506591e+42,4.182403915702701e+42,3.62478,0.1293389509999998,0.1379672050000002,5.422573290999999e+43,7.852677517648701e+41,7.275925248438801e+41,1.527148097e+44,3.96036383057763e+42,4.6596608278885796e+42
LoVoCCS-40,J1330.8-0152,40,202.7079167,-1.872777778,0.0852,983.4825411143,4.37229,0.0784752979999998,0.0811238890000005,7.038920768000001e+43,5.125052574058501e+41,4.668197988982101e+41,2.158055492e+44,2.66539335805213e+42,2.4108755811128002e+42,4.50159,0.1095035620000004,0.1133789360000001,5.070788417e+43,4.6906786454566e+41,4.4696064936307e+41,1.5758448310000002e+44,2.3015150272527406e+42,2.81320102713714e+42
LoVoCCS-41,J2154.1-5751,41,328.5383333,-57.85527778,0.076,1002.0516914512529,4.63995,0.0891992469999998,0.089069405,1.6041667409999999e+44,1.9911187172594506e+42,2.8522528862702995e+42,5.055244748e+44,7.62234387334356e+42,8.416816086241471e+42,4.61543,0.1101118759999995,0.1143738890000003,1.2450894310000002e+44,2.15724573805767e+42,3.13597154171204e+42,3.91407808e+44,9.603278472140142e+42,8.212131111818211e+42
LoVoCCS-42,J1132.8+1428,42,173.2208333,14.46888889,0.0834,1002.205044569103,4.56469,0.0502865080000001,0.0571494939999999,1.62443307e+44,6.671613032335901e+41,5.7065731555838e+41,5.081812050000001e+44,4.0999612699518396e+42,3.4055696012253497e+42,4.46849,0.064232381,0.0642343869999999,1.204203094e+44,4.782978140138901e+41,7.325942615172001e+41,3.729668029e+44,3.02740169368791e+42,3.1204746994192896e+42
LoVoCCS-43,J2149.1-3041,43,327.2808333,-30.69861111,0.1184,826.2720697061296,3.32111,0.03864394,0.0387350620000002,1.384310974e+44,7.097359273907501e+41,4.8070778149376996e+41,3.748757347000001e+44,2.84815020486591e+42,2.3371379422643402e+42,3.79887,0.0772900979999997,0.0777736820000001,7.180535619e+43,5.797189585703001e+41,5.461246424828801e+41,2.063422083e+44,2.6217688386628806e+42,3.27150358924741e+42
LoVoCCS-44,J0145.0-5300,44,26.25958333,-53.01388889,0.1168,1164.7882511095395,6.06474,0.0926725639999999,0.1064961860000002,1.7025249870000003e+44,1.5243764989028202e+42,1.2835241435492601e+42,6.09634935e+44,6.11460839791909e+42,6.353500877418572e+42,6.09534,0.1157779850000002,0.1326612379999998,1.3658851020000002e+44,1.3655409286242601e+42,1.16623363268953e+42,4.902770600000001e+44,6.500191582990499e+42,7.830860113778371e+42
LoVoCCS-45,J2223.8-0138,45,335.9704167,-1.637777778,0.0906,960.9171866633028,4.23168,0.0521508519999995,0.0522268380000001,1.1746474920000002e+44,5.5848726363358015e+41,5.645770111948701e+41,3.5477063240000003e+44,3.16910617951131e+42,2.836588784228161e+42,4.2293,0.0609018470000002,0.0609973459999997,9.753957798e+43,5.343097294449601e+41,5.307843597283001e+41,2.9451541219999998e+44,2.7730366879056298e+42,3.52275194796892e+42
LoVoCCS-46,J1628.6+3932,46,247.1583333,39.54861111,0.0299,,,,,,,,,,,,,,,,,,,
LoVoCCS-47,J1257.1-1724,47,194.2904167,-17.40027778,0.0473,938.9260568981516,3.92587,0.1204666910000002,0.1226045719999997,2.9732087030000003e+35,2.9732087030000003e+35,1.0550981950919308e+51,8.672889342e+35,8.672889342e+35,4.579621781040701e+51,4.17069,0.1699404949999996,0.1753273050000006,7.939789069e+43,7.483170664977301e+41,1.1022974966388201e+42,2.4092532050000006e+44,5.3385090405528614e+42,4.7127421152417706e+42
LoVoCCS-48,J1141.4-1216,48,175.35125,-12.27222222,0.1195,845.6097281171039,3.46388,0.061566081,0.0533174769999997,1.4872205509999999e+44,1.0931753082195603e+42,1.0045490080169201e+42,4.217050855e+44,3.6044711118581396e+42,4.284544455765071e+42,3.81054,0.0928236479999999,0.1036691219999998,7.955191010999999e+43,6.4822003016828995e+41,8.009841014481599e+41,2.340753338e+44,2.86700831848288e+42,3.2339342693980197e+42
LoVoCCS-49,J1521.2+3038,49,230.3208333,30.64,0.0777,936.587491310129,3.99506,0.0275580730000002,0.027571693,8.491641272000001e+43,3.3931850494065008e+41,3.4588108312466002e+41,2.4979168450000003e+44,1.44897503481043e+42,1.14546986318767e+42,3.94834,0.0299406150000001,0.0299561779999999,7.474084813000001e+43,3.3867076366418008e+41,3.189870222003401e+41,2.1868788239999998e+44,1.3680482398097301e+42,1.47735667703288e+42
LoVoCCS-50,J2218.0-6511,50,334.5229167,-65.185,0.0951,957.558250550923,4.2137,0.0703109620000006,0.070406996,1.305204737e+44,8.596072719757201e+41,8.354221472737002e+41,3.933447163e+44,4.477624050237581e+42,4.14534643584713e+42,4.3295,0.0974679439999999,0.1041598739999996,9.437559071e+43,7.59497128097e+41,7.444611469809001e+41,2.880224354e+44,3.739329989111591e+42,5.0083551024252507e+42
LoVoCCS-51,J0433.6-1315,51,68.41,-13.25916667,0.0326,,,,,,,,,,,,,,,,,,,
LoVoCCS-52,J2344.2-0422,52,356.0666667,-4.3675,0.0786,967.4994800304356,4.23147,0.0707758570000001,0.0708541829999997,1.4560062510000002e+44,1.03334770296835e+42,9.994921052742602e+41,4.396706612e+44,5.2118134586822905e+42,5.0359771742392614e+42,4.23884,0.093907615,0.0976585789999999,1.060062221e+44,1.0252180328063899e+42,8.704378668375701e+41,3.2036438430000003e+44,4.48222452775562e+42,5.811599554554911e+42
LoVoCCS-55,J2313.9-4244,55,348.4941667,-42.73388889,0.0564,706.6442968430927,2.39323,0.0047080039999998,0.004699816,1.221715962e+44,1.4783654477902001e+41,1.9968944534420008e+41,2.9197974759999998e+44,3.7588007178735e+41,3.9067668296981e+41,2.49089,0.0108857109999997,0.0108863760000001,5.053740389000001e+43,1.2950736971522004e+41,1.4630767613424001e+41,1.2249375600000002e+44,3.1535245233962998e+41,4.172655051978201e+41
LoVoCCS-56,J0006.0-3443,56,1.5125,-34.72416667,0.1147,1074.5544967145715,5.233,0.1200350609999993,0.1204417440000007,1.5180199370000002e+44,9.760181797969401e+41,1.46793744462787e+42,5.067983284000001e+44,7.617840300086441e+42,4.6989633003822507e+42,5.07249,0.1300344980000005,0.1458476769999999,1.228286368e+44,1.3335454384376602e+42,1.59884876804428e+42,4.040385235e+44,8.904235597018631e+42,7.137131620249181e+42
LoVoCCS-57,J2134.2-1328,57,323.56875,-13.48,0.0897,640.7551074409976,2.07902,0.0395992549999997,0.036384505,1.1314966900000002e+44,9.4739560186355e+41,1.8497004998011202e+42,2.574339401e+44,3.3110966325217896e+42,3.04571383544574e+42,3.24489,0.1398494619999999,0.1393423,4.770548526000001e+43,1.47204307079165e+42,1.0554882085282201e+42,1.280169972e+44,4.602554573649031e+42,4.294597461389551e+42
LoVoCCS-58,J1709.8+3426,58,257.4533333,34.44055556,0.0802,993.2215471222304,4.53707,0.0704677670000002,0.0736560959999996,1.1678668339999999e+44,6.2104786915937015e+41,5.839151678375601e+41,3.642239552e+44,3.9615625583338697e+42,3.36395082444508e+42,4.40571,0.0808071650000004,0.0807942409999995,1.0082748960000002e+44,4.6036281519868996e+41,7.0205380663445e+41,3.1017130320000003e+44,3.2834853587238104e+42,3.08874389854226e+42
LoVoCCS-59,J2218.2-0350,59,334.57125,-3.834166667,0.0901,1079.054755491008,5.20595,0.0665181219999997,0.0665149570000007,2.4621072710000004e+43,3.3232132818068e+41,2.3136884788084007e+41,8.194541673000001e+43,1.290231778422e+42,1.2572198033962701e+42,5.06208,0.0700857069999996,0.0700855709999999,1.724123401e+43,2.8749489767986998e+41,2.4360607474557997e+41,5.662882981000001e+43,1.0002071775831899e+42,9.628145474180101e+41
LoVoCCS-60,J2226.0+1722,60,336.5108333,17.37805556,0.1072,1146.538266443097,5.8365,0.060551964,0.0605456980000003,1.607000388e+44,5.319573144500801e+41,5.358860105265602e+41,5.6485402230000005e+44,4.05873051997175e+42,3.2823116358510297e+42,5.50716,0.0788053519999998,0.0784393159999998,1.0933461919999999e+44,3.7350514432507014e+41,6.3811811670974015e+41,3.73915571e+44,2.9224543889820607e+42,2.8854869978835505e+42
LoVoCCS-62,J1516.3+0005,62,229.08,0.097777778,0.1181,1008.3991599652168,4.71548,0.0640200240000004,0.0642280749999999,1.5191570379999999e+44,5.9961104867139995e+41,9.793688764313601e+41,4.826274086e+44,4.1028064725146105e+42,2.87730881230117e+42,4.56875,0.0758706209999999,0.0817429610000006,1.1164426449999999e+44,8.018810298707101e+41,6.848343234249301e+41,3.494542932e+44,3.95032998826007e+42,3.7154952217740096e+42
LoVoCCS-63,J2143.9-5637,63,325.9929167,-56.62638889,0.0824,805.0204380438864,3.07481,0.0388003479999996,0.0402625200000001,1.056119971e+44,5.701121493293201e+41,4.373106691278901e+41,2.7716615040000003e+44,2.4554248722562398e+42,1.866334852259e+42,3.02565,0.0620712140000003,0.0653250479999996,5.580640221999999e+43,4.9946807634021996e+41,4.6185767135340015e+41,1.45495369e+44,1.99028373919119e+42,2.4425460818439006e+42
LoVoCCS-64,J1326.9-2710,64,201.725,-27.18333333,0.0458,,,,,,,,,,,,,,,,,,,
LoVoCCS-65,J2152.4-1933,65,328.1,-19.565,0.0943,963.5914465701518,4.25219,0.123774258,0.1291636280000005,9.337775968e+43,1.26605159451928e+42,1.1603465959919902e+42,2.8262135450000003e+44,5.8197264991197e+42,5.231816770504431e+42,4.73871,0.1854745320000006,0.1913258190000002,6.619591142000001e+43,1.0396875746009701e+42,1.0154366379424302e+42,2.1074010289999998e+44,5.2146564741244197e+42,6.298956130179281e+42
LoVoCCS-66,J2357.0-3445,66,359.2595833,-34.76055556,0.0475,,,,,,,,,,,,,,,,,,,
LoVoCCS-67,J1620.5+2953,67,245.1320833,29.89527778,0.0972,1058.8603061133122,5.0439,0.1064201389999999,0.1118632670000003,1.2778294130000003e+44,1.0486888764474601e+42,8.9281220803079e+41,4.1900494570000005e+44,6.26156217155188e+42,5.48148627877077e+42,4.94549,0.1377162440000008,0.1368984839999996,9.640771667e+43,7.3686748840355e+41,1.10294504188415e+42,3.131834835e+44,4.5099573160000513e+42,4.8231894676275996e+42
LoVoCCS-68,J2321.5-4153,68,350.3891667,-41.89888889,0.0894,838.9864018924012,3.31875,0.0646540770000001,0.0647484939999998,1.1061079590000002e+44,1.0005766328717e+42,1.0714985009179299e+42,2.9966865989999997e+44,4.24387100530233e+42,3.96039314055898e+42,3.8062,0.109576707,0.1237391159999998,7.256700302000001e+43,8.762520406247199e+41,8.307733174220799e+41,2.087934836e+44,4.0019560128237697e+42,4.940845363321261e+42
LoVoCCS-69,J0005.3+1612,69,1.344166667,16.21055556,0.1164,,,,,,,,,,,,,,,,,,,
LoVoCCS-70,J0704.4+6318,70,106.1020833,63.31611111,0.098,851.7389994350314,3.44096,0.0672521860000001,0.070702985,1.0970037569999999e+44,9.094817982045502e+41,9.2273299120867e+41,3.0189940750000005e+44,4.2664110618902696e+42,3.9019111277723797e+42,3.74813,0.0902044650000002,0.0904914079999996,8.378806110000001e+43,8.461346318505402e+41,7.9758754594681e+41,2.394483304e+44,3.962396603133061e+42,4.921547748223361e+42
LoVoCCS-71,J1144.6+6724,71,176.1675,67.41,0.1159,954.878474830574,4.26789,0.1185422050000006,0.1223676599999992,1.1727623250000002e+44,1.25575053195802e+42,1.2749544678298401e+42,3.5555401060000003e+44,6.794517075155281e+42,6.159760139850809e+42,4.48896,0.1710506329999992,0.1734161470000002,8.409740836e+43,9.0014273248965e+41,1.39682332290633e+42,2.610522313e+44,5.460414006654021e+42,5.753990792793799e+42
LoVoCCS-73,J2209.3-5148,73,332.3470833,-51.815,0.1065,962.9084651237772,4.28666,0.121673286,0.1307962319999998,9.458683063e+43,1.2610816962464301e+42,1.2781503792891099e+42,2.8738947970000004e+44,5.93883102265134e+42,5.59261323292044e+42,4.0991,0.1440666589999999,0.1567427879999998,6.945540362000001e+43,1.1357845355131803e+42,1.04978332105631e+42,2.067209281e+44,4.7721568906916506e+42,6.46782408877656e+42
LoVoCCS-74,J2307.2-1513,74,346.81375,-15.22833333,0.111,804.9966374604742,3.15267,0.0560182890000002,0.0561374670000001,1.2382337679999999e+44,1.01859558467058e+42,9.7325568628074e+41,3.2812216730000004e+44,4.04566554780065e+42,3.8887376691253796e+42,3.32942,0.0883540249999996,0.0887513910000001,7.737071635e+43,8.524744271666701e+41,8.350409084178401e+41,2.09813647e+44,3.5526813007415505e+42,4.407962420709291e+42
LoVoCCS-75,J2313.0-2137,75,348.25375,-21.63194444,0.0871,819.0103331496861,3.18326,0.055935104,0.0562252129999998,1.1534880339999999e+44,1.0728674841981299e+42,1.0650015748189501e+42,3.0709789810000003e+44,4.0589025263037497e+42,3.8916071477282304e+42,3.53692,0.1246938779999999,0.1278664790000001,5.484548279000001e+43,9.6855793394905e+41,8.4930090805573e+41,1.52757134e+44,3.54687084471896e+42,4.7244321335906696e+42
LoVoCCS-76,J1133.2+6622,76,173.3195833,66.37861111,0.116,1325.3837934592495,7.66005,0.5939686699999998,0.7477033859999995,1.870454561e+44,2.9700702256269305e+42,3.0154690083117995e+42,7.225087898e+44,2.1424316059097238e+43,1.8395047000731584e+43,13.775,2.66771954,2.0091953,1.1698122600000002e+44,2.1909431758164898e+42,4.0835268295373305e+42,5.379006600000001e+44,2.463446776412128e+43,2.981917359444341e+43
LoVoCCS-77,J1341.8+2622,77,205.4741667,26.37194444,0.0724,843.1538537493485,3.35571,0.0325656100000002,0.03259429,1.0169146430000002e+44,4.5488473823893e+41,4.7740711067396995e+41,2.7695386940000003e+44,1.6064088440207002e+42,1.4975727967091997e+42,3.36235,0.043072478,0.0430822229999998,7.457894497999999e+43,4.129026415720101e+41,3.6808115252794e+41,2.032857692e+44,1.5040354307962606e+42,2.0240658840478006e+42
LoVoCCS-78,J1521.8+0742,78,230.4583333,7.708888889,0.0442,,,,,,,,,,,,,,,,,,,
LoVoCCS-79,J0328.6-5542,79,52.15625,-55.71277778,0.0853,1034.107891982546,4.86822,0.1206755990000001,0.1287674670000003,1.2292458690000003e+44,1.4875041337165802e+42,1.0876837303315302e+42,3.963096681000001e+44,6.424845816074341e+42,6.419768547883249e+42,4.70761,0.1752301969999994,0.1843823110000002,7.652519666000002e+43,1.11023447153437e+42,1.5140028683298602e+42,2.4283940719999998e+44,7.09378712806094e+42,6.200688518018941e+42
LoVoCCS-80,J0345.9-2416,80,56.48333333,-24.28027778,0.1057,920.9725321807427,3.96758,0.078341333,0.0785164600000003,9.760803063e+43,7.228018741379299e+41,7.0318768221265e+41,2.8619939959999997e+44,3.6627609299754603e+42,3.3663292157391496e+42,3.92017,0.0905096040000001,0.0900394629999996,8.185902514000001e+43,6.5703106173895995e+41,6.5174124814361996e+41,2.3871205309999998e+44,3.2325175127808404e+42,4.17293544532395e+42
LoVoCCS-81,J0102.7-2152,81,15.67541667,-21.87361111,0.0569,796.6541383317639,3.01049,0.0113367699999997,0.0113345270000002,1.0505801960000002e+44,4.2993537219708996e+41,3.604736972006e+41,2.736710184e+44,1.41446300783126e+42,8.084446196950199e+41,3.4155,0.0206217960000003,0.0230645819999999,5.919940632000001e+43,4.0778667926312e+41,3.4299777552171007e+41,1.6253780520000003e+44,1.2383867816216003e+42,1.1993148741942504e+42
LoVoCCS-82,J1516.7+0701,82,229.1833333,7.018611111,0.0353,,,,,,,,,,,,,,,,,,,
LoVoCCS-83,J2216.2-0920,83,334.0645833,-9.34,0.0825,812.5471059396997,3.12512,0.0450681450000001,0.0452149410000002,1.0593625410000002e+44,7.050205955747301e+41,6.8398277063817995e+41,2.7988193200000006e+44,3.0206559098445805e+42,2.8208222637691905e+42,3.24138,0.0686821800000001,0.0744973419999999,6.647838617e+43,6.053101421955201e+41,5.8500420366184015e+41,1.7833917290000003e+44,2.5419755493844904e+42,3.2429375799853096e+42
LoVoCCS-84,J0049.4-2931,84,12.35,-29.52444444,0.1084,913.1847744425992,3.92797,0.1017714300000003,0.101153837,8.525885661000001e+43,8.822492731798599e+41,7.976206193851701e+41,2.488205539e+44,4.9163322909482404e+42,4.3278272885204404e+42,4.24815,0.1656757930000001,0.1823094630000001,5.401876723e+43,6.420604723972001e+41,1.01244907318887e+42,1.6342953710000003e+44,3.6234231072534804e+42,3.75007243422938e+42
LoVoCCS-85,J0056.3-0112,85,14.07625,-1.216666667,0.0442,,,,,,,,,,,,,,,,,,,
LoVoCCS-86,J0020.6+2840,86,5.170416667,28.675,0.094,1048.41305317512,4.96078,0.0823893729999998,0.0824100300000001,1.272218417e+44,7.181956628440999e+41,6.4606797416051e+41,4.1386859909999996e+44,4.928654650111241e+42,3.9805189356267705e+42,4.85134,0.0894040330000001,0.0970715929999999,1.061124236e+44,5.0577886881048016e+41,7.8467431738476e+41,3.4161291860000003e+44,3.8417413353365306e+42,3.6465703695366296e+42
LoVoCCS-88,J2312.3-2130,88,348.08625,-21.50055556,0.1108,992.4750771969047,4.75522,0.3324879309999993,0.3724956520000004,9.120142870000002e+43,2.0619230882570198e+42,1.8198106088854698e+42,2.908855659e+44,1.5157790902274971e+43,1.2056942595413248e+43,4.54756,0.4328706540000002,0.4784519750000005,6.0585592620000005e+43,1.5433003305566902e+42,1.8791738589982305e+42,1.8921589489999998e+44,1.038089707844421e+43,1.0266371504999693e+43
LoVoCCS-89,J1511.3+0619,89,227.865,6.349,0.0817,947.0051939837874,4.11887,0.306191021,0.3398972869999994,8.734415754000001e+43,2.54824389503018e+42,3.2386639928330905e+42,2.6048599710000006e+44,1.562310218154294e+43,1.5311832721766913e+43,4.17074,0.4280093200000001,0.5062968649999995,6.145589594000001e+43,2.4825556577930006e+42,3.4129489279265496e+42,1.843262918e+44,1.701796354492716e+43,1.285419167283066e+43
LoVoCCS-90,J2319.1-4206,90,349.775,-42.11388889,0.045,663.3877581837145,2.12358,0.0452879620000001,0.0430235009999999,6.397047707000001e+42,6.538059695236e+40,7.153717811547e+40,1.462297926e+43,2.4202644808686997e+41,1.9444935194372998e+41,1.71272,0.1052858599999999,0.114869327,3.2896868430000007e+41,8.928356718159001e+40,8.378807584433e+40,7.028179694e+41,1.8935950425233007e+41,1.7914724569124998e+41
LoVoCCS-92,J1244.6-1159,92,191.1583333,-11.98527778,0.0963,955.342645568515,4.21461,0.1333338840000006,0.1394460449999996,8.475381877000001e+43,1.5258284123999302e+42,1.77112644390857e+42,2.5543571250000005e+44,6.043139835347771e+42,6.003395194773879e+42,4.31649,0.1838177779999998,0.2012447939999999,6.011172781e+43,1.95692761295516e+42,1.3959195097363698e+42,1.831935983e+44,7.282390336652392e+42,6.56164046388317e+42
LoVoCCS-94,J1442.3+2218,94,220.5766667,22.30472222,0.0901,844.3670377856631,3.36783,0.0645346039999998,0.0654364819999999,9.124386727e+43,8.152873948803701e+41,8.136601710826003e+41,2.48844656e+44,3.4635789218672807e+42,3.1155237959772005e+42,3.66687,0.1280915599999996,0.1382054090000002,4.635092514000001e+43,6.988762067504001e+41,6.615343852089701e+41,1.3119902240000003e+44,3.2122935705724096e+42,3.9550199171522994e+42
LoVoCCS-95,J1602.3+1601,95,240.56,15.965,0.0353,,,,,,,,,,,,,,,,,,,
LoVoCCS-96,J2354.2-1024,96,358.5558333,-10.41277778,0.0765,907.2819144603752,3.7699,0.0638829079999996,0.0639466050000003,9.850520865e+43,7.7408228095311e+41,7.489204577325402e+41,2.822966366e+44,3.4794164644702304e+42,3.2565731568837105e+42,3.86885,0.0963054009999999,0.1012331429999999,6.647693995000001e+43,5.4831515724668995e+41,8.726708725768099e+41,1.9274347219999998e+44,2.7204328858683106e+42,2.8221842347552396e+42
LoVoCCS-97,J1257.2-3022,97,194.3204167,-30.37694444,0.0554,,,,,,,,,,,,,,,,,,,
LoVoCCS-100,J1349.3+2806,100,207.34,28.10361111,0.0748,914.5240571682116,3.92048,0.045694112,0.045688788,9.26638443e+43,5.3401587098849994e+41,7.968335627927299e+41,2.702200653e+44,2.2720625491870006e+42,2.2253489402602598e+42,3.76659,0.0570476439999998,0.05702124,6.678260359000001e+43,4.9315075179347996e+41,7.9117909520576e+41,1.912742558e+44,2.3780807275900402e+42,1.9213227339669398e+42
LoVoCCS-101,J0034.6-0208,101,8.65,-2.14,0.0812,765.7162023367634,3.02871,0.1024376059999996,0.1155327820000002,3.3590048420000004e+43,4.256123468299501e+41,4.1458765914111995e+41,8.761868719000001e+43,1.7533323293685706e+42,1.7060178480589004e+42,2.83129,0.0981275209999998,0.1039748959999999,3.3139691350000003e+43,3.716178866031101e+41,4.5539517701745995e+41,8.414916102999999e+43,1.53366121174235e+42,2.04286125496823e+42
LoVoCCS-103,J0013.6-1930,103,3.409583333,-19.50222222,0.094,985.3723518998884,4.45755,0.0660381460000003,0.0660666229999993,8.517339294000001e+43,4.6559299061442015e+41,3.8956840790601014e+41,2.6349233480000003e+44,2.7874433816206206e+42,2.3621753173709306e+42,4.36912,0.0772149419999994,0.0816120820000003,6.648513989000001e+43,3.2581230098846007e+41,4.7672989039458004e+41,2.037741451e+44,1.9434492198044305e+42,2.1487755609930002e+42
LoVoCCS-104,J0034.2-0204,104,8.557916667,-2.075277778,0.0822,813.9265098643913,3.15328,0.2152134870000002,0.2311194169999999,2.411952925e+43,2.0979085303460602e+42,7.891090672486999e+40,6.396033799e+43,7.471317473445711e+42,1.68777509429391e+42,3.22959,0.2451109310000001,0.269793725,2.0543314030000005e+43,4.619181952774001e+41,6.7083515884907015e+41,5.502562867000001e+43,3.21327514081103e+42,3.289998215977421e+42
LoVoCCS-107,J2316.1-2027,107,349.03125,-20.45527778,0.0822,691.1402428621454,2.35203,0.022014967,0.022023866,8.930765461000001e+43,9.539089229538799e+41,7.378938590843501e+41,2.1178809570000004e+44,2.5353174299351006e+42,1.69432166541133e+42,2.70473,0.0416507890000001,0.0464895319999998,5.354216997999999e+43,9.3650430017346e+41,6.2218397888064996e+41,1.33567733e+44,1.57056126040548e+42,2.1358342311352105e+42
LoVoCCS-114,J1523.0+0836,114,230.7725,8.6025,0.0355,,,,,,,,,,,,,,,,,,,
LoVoCCS-115,J1659.7+3236,115,254.9366667,32.61361111,0.1013,718.2261977360356,2.55268,0.1106933429999998,0.1225261789999998,7.824940552000002e+43,3.5660691009733196e+42,1.9244095175942198e+42,1.988904332e+44,9.793855519872332e+42,9.9713010190363e+42,2.66889,0.1811963430000003,0.2249231229999999,4.29315063e+43,2.1576857898338806e+42,2.0900534840868905e+42,1.1073017650000002e+44,8.374304571210271e+42,5.78284684404056e+42
LoVoCCS-116,J0821.0+0751,116,125.2575,7.866111111,0.11,746.3101913525808,2.75676,0.021304132,0.0213203860000001,6.352096467000001e+43,2.9190151552159997e+41,2.5606693352581005e+41,1.5950135420000002e+44,7.622940587561801e+41,9.769056960319099e+41,3.30691,0.0461104209999998,0.0461548230000001,3.4509031449999997e+43,2.831840796430301e+41,2.3436515248084e+41,9.331665900999999e+43,1.0514213434756403e+42,8.120001230642599e+41
LoVoCCS-117,J2205.6-0535,117,331.41875,-5.593333333,0.0582,684.5639510714531,2.26633,0.0257793789999998,0.0257499449999998,6.358723100999999e+43,6.7013908548193995e+41,5.4976148942773996e+41,1.4912234760000002e+44,2.0522905777716898e+42,1.29096388189033e+42,2.53075,0.0496921959999996,0.0500758460000003,3.868275692000001e+43,5.1244591754666996e+41,7.327971194563399e+41,9.427368227000002e+43,1.8944929358184098e+42,1.7269631578297802e+42
LoVoCCS-118,J0330.0-5235,118,52.50291667,-52.59611111,0.0624,786.995987970801,2.90579,0.036020627,0.0371835589999998,2.66993539e+43,2.0597389733809006e+41,1.6327376962067001e+41,6.855665175999999e+43,5.5435792488105996e+41,6.0917635820861996e+41,2.9036,0.0404360609999998,0.0423480039999999,2.231421797e+43,1.6143357633076001e+41,1.8144151703269002e+41,5.727980686000001e+43,6.720533263917302e+41,5.4051037417773e+41
LoVoCCS-120,J1254.6-2913,120,193.6725,-29.22333333,0.0544,958.0728469540742,4.07963,0.1106447989999996,0.1203607280000005,6.784645190000001e+43,7.836984558491099e+41,6.933655932280801e+41,2.014770091e+44,3.9318092850957903e+42,3.59462688644438e+42,4.07522,0.1826317449999996,0.1986188599999998,3.8480389569999997e+43,7.090823381643799e+41,6.6281866924716015e+41,1.1421549820000002e+44,3.42807548429323e+42,4.2303329518424196e+42
LoVoCCS-121,J1113.3+0231,121,168.33625,2.532222222,0.078,897.748096568897,3.75797,0.0958955109999997,0.0965001030000003,5.936309539e+43,1.0431414601987302e+42,5.5119721454404e+41,1.698728442e+44,3.9849287965183097e+42,2.7659913144472404e+42,3.5821,0.1016719849999998,0.1100447710000001,5.022928134000001e+43,9.5853022069876e+41,8.0222594008065e+41,1.407178341e+44,3.4061454939078596e+42,3.3124452987008097e+42
LoVoCCS-123,J0011.3-2851,123,2.83625,-28.855,0.062,,,,,,,,,,,,,,,,,,,
LoVoCCS-124,J2145.9-1006,124,326.4783333,-10.10444444,0.0808,947.752443869242,4.0767,0.1082341709999998,0.1167472840000005,8.530300325999999e+43,9.703798354646199e+41,1.07668155159925e+42,2.5323289429999998e+44,5.973663900731619e+42,5.0569320174190696e+42,4.29263,0.1603425659999997,0.1616837679999996,6.376059566e+43,8.348639938366701e+41,1.2469822112725399e+42,1.938065734e+44,4.421057604119241e+42,4.301832854535061e+42
LoVoCCS-125,J0425.8-0833,125,66.46416667,-8.559166667,0.0397,,,,,,,,,,,,,,,,,,,
LoVoCCS-127,J1111.6+4050,127,167.9104167,40.8425,0.0794,921.623365642186,4.06321,0.0606652329999999,0.0642502670000002,6.585280427e+43,3.574126036224401e+41,3.4469553766353002e+41,1.9520092609999998e+44,2.0848682767874006e+42,1.81894885220317e+42,3.8486,0.0754539049999998,0.0779674000000003,4.610287388000001e+43,2.6683259045837998e+41,4.2523133296942e+41,1.33338981e+44,1.6046209937167206e+42,1.59950806266143e+42
LoVoCCS-128,J0910.6-1034,128,137.65125,-10.58111111,0.0916,998.2041647215588,4.51415,0.1539873169999994,0.1565105789999998,1.0299290279999999e+44,2.1245481804463306e+42,1.4643089905073502e+42,3.2052868730000003e+44,7.037614500835091e+42,6.690659023449139e+42,4.69517,0.202321683,0.2245048699999996,7.572011317000001e+43,1.465322678151e+42,1.4098841810243998e+42,2.4002487789999998e+44,7.15216389608892e+42,9.34091988929115e+42
LoVoCCS-129,J0155.1+3355,129,28.78958333,33.92222222,0.0872,812.6078567625866,3.13965,0.0488161530000001,0.048980346,1.0230844990000002e+44,7.805301980010301e+41,7.765902866496601e+41,2.7081727770000003e+44,3.2617507180941205e+42,2.9347276934187304e+42,3.1626,0.0584046499999999,0.058512125,8.222978924000001e+43,7.654055177254501e+41,6.705710224476501e+41,2.183278346e+44,2.7489704900270306e+42,3.58851857827169e+42
LoVoCCS-130,J2359.3-6042,130,359.713,-60.642,0.0989,829.8840611656407,3.29028,0.0274790240000002,0.027501323,6.741661037999999e+43,7.6761331393609e+41,7.773253854792901e+41,1.81985221e+44,2.0540326498694106e+42,2.1436425857875105e+42,3.30693,0.0294065889999997,0.0294294700000001,6.190386379999999e+43,8.4063887894954e+41,8.644806476792999e+41,1.674629748e+44,2.1756036989371802e+42,2.2479606325903098e+42
LoVoCCS-131,J2158.4-6023,131,329.6133333,-60.39944444,0.075,882.9793090509537,3.62993,0.0935876909999997,0.0998339729999999,5.182264164e+43,5.348679452150201e+41,5.4883795734712004e+41,1.4601745290000002e+44,2.87953892139444e+42,2.5842519275826404e+42,3.61298,0.1049403769999997,0.1072189520000002,4.685317188000001e+43,5.6310892108147e+41,5.0765915151110004e+41,1.317409492e+44,2.5135837714994306e+42,3.2106400500674403e+42
LoVoCCS-132,J1353.0+0509,132,208.2541667,5.155,0.0788,,,,,,,,,,,,,,,,,,,
LoVoCCS-134,J2347.7-2808,134,356.93,-28.14138889,0.03,,,,,,,,,,,,,,,,,,,
LoVoCCS-135,J0314.3-4525,135,48.5825,-45.42416667,0.0718,807.4431785675145,3.07203,0.0460452869999996,0.0412714140000001,8.343500618e+43,4.615303228566701e+41,4.644925563848501e+41,2.1900608500000003e+44,1.9496026063708998e+42,1.8641972310629798e+42,3.19904,0.0636658530000002,0.0714235389999999,4.958525994000001e+43,4.0460870649703995e+41,3.9384521219371e+41,1.3235171770000002e+44,1.78233946923985e+42,2.0591171437084398e+42
LoVoCCS-136,J1413.7+4339,136,213.43125,43.66333333,0.089,,,,,,,,,,,,,,,,,,,
LoVoCCS-138,J1359.2+2758,138,209.8229167,27.97277778,0.0612,796.48287865487,3.65152,0.060574522,0.0552616129999998,7.589574105999999e+43,1.3463881761988501e+42,1.4877228019105703e+42,2.1443009210000005e+44,4.8494422891684696e+42,4.5476600787715696e+42,3.36455,0.0681405399999999,0.0689677830000001,4.983136546999999e+43,1.40541159810716e+42,1.4798283242457698e+42,1.358673487e+44,4.5616468096741597e+42,4.4120171421407994e+42
LoVoCCS-139,J0448.2-2028,139,72.05083333,-20.46972222,0.072,902.5654671219702,3.7282,0.1255150920000001,0.1323075219999996,4.501135089000001e+43,8.160090854158401e+41,7.012457964484101e+41,1.283543837e+44,2.6635913712409002e+42,3.912081492611081e+42,3.70188,0.129654253,0.1418175860000001,4.090308707e+43,8.806538029386901e+41,9.345118426284501e+41,1.162734995e+44,3.630785528930721e+42,3.614687380272741e+42
LoVoCCS-140,J2323.8+1648,140,350.9729167,16.80888889,0.0416,,,,,,,,,,,,,,,,,,,
LoVoCCS-143,J0041.7+2124,143,10.44625,21.41388889,0.1014,,,,,,,,,,,,,,,,,,,
