name,MCXC,LoVoCCSID,LoVoCCS_name,ra,dec,redshift,sub_samp,old_LoVoCCSID,r500,Tx500,Tx500-,Tx500+,Lx500_0.5-2.0,Lx500_0.5-2.0-,Lx500_0.5-2.0+,Lx500_0.01-100.0,Lx500_0.01-100.0-,Lx500_0.01-100.0+,Zmet500,Zmet500-,Zmet500+,Tx500ce,Tx500ce-,Tx500ce+,Lx500ce_0.5-2.0,Lx500ce_0.5-2.0-,Lx500ce_0.5-2.0+,Lx500ce_0.01-100.0,Lx500ce_0.01-100.0-,Lx500ce_0.01-100.0+,Zmet500ce,Zmet500ce-,Zmet500ce+
LoVoCCS-0,J1558.3+2713,0,LoVoCCS-0,239.5858333,27.22694444,0.0894,north,0,1241.1262469755031,6.66983,0.0355222959999999,0.0354871889999994,6.564412096000001e+44,2.1042416275684883e+43,2.5001672943557883e+43,2.4417447620000003e+45,8.476728242824767e+43,6.67727168585736e+43,0.249044,0.0076812883999999,0.0076486655999999,6.7941,0.0613382600000003,0.0621289599999999,3.859586328e+44,2.1087883931149642e+43,1.512656531669417e+43,1.443280451e+45,7.869493214028394e+43,8.390768479411161e+43,0.209867,0.0133839182999999,0.0133357380999999
LoVoCCS-1,J1510.9+0543,1,LoVoCCS-1,227.7291667,5.72,0.0766,south,1,,,,,,,,,,,,,,,,,,,,,,,,,
LoVoCCS-2,J0258.9+1334,2,LoVoCCS-2,44.73958333,13.57944444,0.0739,south,2,,,,,,,,,,,,,,,,,,,,,,,,,
LoVoCCS-3,J1348.8+2635,3,LoVoCCS-3,207.2208333,26.59555556,0.0622,north,3,935.6228821924191,4.37809,0.0237475270000002,0.0236031809999994,3.720946895e+44,6.2032586150249e+41,4.910204680426501e+41,1.138727619e+45,3.7226393880105e+42,2.50145415604091e+42,0.259384,0.0071424726,0.0071792679,4.40897,0.0488210789999996,0.0488163510000001,1.8941496030000002e+44,6.9396359040094e+41,4.8692078033277e+41,5.772712242e+44,3.7151560892865004e+42,4.4491611332037705e+42,0.128075,0.0121906881,0.0122983852
LoVoCCS-4,J0041.8-0918,4,LoVoCCS-4,10.45875,-9.301944444,0.0555,south,4,,,,,,,,,,,,,,,,,,,,,,,,,
LoVoCCS-5,J2012.5-5649,5,LoVoCCS-5,303.1271,-56.8319,0.0556,south,901,,,,,,,,,,,,,,,,,,,,,,,,,
LoVoCCS-6,J1524.1+2955,6,LoVoCCS-6,231.0408333,29.92111111,0.1145,north,5,1094.977712757601,5.42252,0.0816873069999992,0.0945225150000004,1.7813787810000001e+44,6.8927857868119005e+41,1.07487813004363e+42,5.999825229000001e+44,4.09312663951378e+42,4.3908891621893507e+42,0.186388,0.0204455026,0.021134638,5.35726,0.0826064039999998,0.0836133239999998,1.644362195e+44,6.965628509253801e+41,7.758336106737401e+41,5.5036994830000004e+44,4.74883575662736e+42,6.08282230881244e+42,0.179326,0.021639284,0.0219537199999999
LoVoCCS-7,J2201.9-5956,7,LoVoCCS-7,330.4833333,-59.94944444,0.098,south,6,1144.0088556185244,5.84815,0.0606841520000003,0.0606636479999993,1.424048486e+44,9.513799256852401e+41,1.18008345170748e+42,4.985403384e+44,3.70525130521035e+42,4.4147808430272306e+42,0.240489,0.0144707884,0.0146618364999999,5.63771,0.0800437309999999,0.0800459819999996,7.061088674e+43,8.475430319058101e+41,9.6860704293273e+41,2.4228401700000002e+44,3.682480661134411e+42,4.0255237656740504e+42,0.201343,0.0197827490999999,0.0200027647
LoVoCCS-8,J1702.7+3403,8,LoVoCCS-8,255.67875,34.06194444,0.0953,north,7,1059.4775117106633,5.03418,0.0356470770000001,0.035673697,2.920672093e+44,7.9674808227718e+41,7.170708056602e+41,9.554494779000002e+44,4.3041636229469104e+42,2.75775658165049e+42,0.279499,0.0108130248,0.0109299722,4.96558,0.056348368,0.0563833220000002,1.6899335750000002e+44,5.5107659849506004e+41,6.187109688645401e+41,5.4704739830000005e+44,3.458502660668121e+42,4.5110946364429406e+42,0.217753,0.0159256275,0.0160955187999999
LoVoCCS-9,J0431.4-6126,9,LoVoCCS-9,67.85041667,-61.44388889,0.0589,south,8,,,,,,,,,,,,,,,,,,,,,,,,,
LoVoCCS-10,J1259.3-0411,10,LoVoCCS-10,194.8395833,-4.194722222,0.0845,south,9,1127.7594765568251,5.55984,0.0897131260000003,0.0895835859999998,3.012685392e+44,1.5397601309353103e+42,1.43390648167109e+42,1.0325034300000002e+45,9.36002513419421e+42,1.0308164378471101e+43,0.281171,0.025893186,0.0262682939999999,5.41336,0.1363159999999998,0.148800499,1.8674061130000002e+44,1.2582220545924501e+42,1.22950218330632e+42,6.267945447000001e+44,8.53667042138338e+42,1.135290294685777e+43,0.165579,0.0371946485999999,0.0377614849
LoVoCCS-11,J0909.1-0939,11,LoVoCCS-11,137.285,-9.666111111,0.0542,south,10,,,,,,,,,,,,,,,,,,,,,,,,,
LoVoCCS-12,J1347.4-3250,12,LoVoCCS-12,206.8683333,-32.84972222,0.0391,south,11,,,,,,,,,,,,,,,,,,,,,,,,,
LoVoCCS-13,J0317.9-4414,13,LoVoCCS-13,49.49375,-44.23888889,0.0752,south,12,944.8707783879869,4.0472,0.0094249140000002,0.0087427289999997,2.4812102930000003e+44,4.6226175095736e+41,3.7556244762435e+41,7.373964492e+44,1.54343823156422e+42,1.3329497987114502e+42,0.40803,0.0037204715999999,0.0037740988,4.16358,0.0209940059999995,0.0209802590000007,1.1422134850000002e+44,3.1673677321337003e+41,2.2376851779684004e+41,3.404554965e+44,1.31535856247721e+42,1.2573386000972801e+42,0.186024,0.0061028714999999,0.0061717907
LoVoCCS-14,J0257.8+1302,14,LoVoCCS-14,44.4575,13.04916667,0.0722,south,13,,,,,,,,,,,,,,,,,,,,,,,,,
LoVoCCS-15,J2325.3-1207,15,LoVoCCS-15,351.3333333,-12.12722222,0.0852,south,14,890.9471910919907,3.68274,0.0096390419999998,0.0096324510000003,2.495964289e+44,7.8159111173896e+41,6.645815869562201e+41,7.079268629000001e+44,1.6309141640676502e+42,1.86427030157225e+42,0.305919,0.0034572666,0.0034853505999999,3.46044,0.0196378360000002,0.0216972419999996,9.805272035000001e+43,5.372378565278701e+41,3.0221116993462004e+41,2.696667447e+44,1.46923681977131e+42,1.3440155554868802e+42,0.166153,0.0064362819999999,0.0066104015
LoVoCCS-16,J1703.8+7838,16,LoVoCCS-16,255.9533333,78.64444444,0.0581,north,15,,,,,,,,,,,,,,,,,,,,,,,,,
LoVoCCS-17,J1510.1+3330,17,LoVoCCS-17,227.54875,33.51472222,0.113,north,16,1198.465073917872,6.34951,0.0831630180000004,0.0832127599999994,2.73395756e+44,2.1997945858732703e+42,1.65995873270125e+42,9.942453479000001e+44,9.10708900405742e+42,6.34316052135606e+42,0.226774,0.0198002968,0.0200689226999999,6.15091,0.1090493089999995,0.1072675869999999,2.082202593e+44,1.3864600576751801e+42,1.66907305487199e+42,7.446009675e+44,7.917564884019241e+42,8.02450446522142e+42,0.200592,0.0240630393999999,0.0245029962999999
LoVoCCS-18,J1258.6-0145,18,LoVoCCS-18,194.67125,-1.756944444,0.0845,south,17,1043.2210237231911,4.88808,0.0356896950000003,0.036657602,2.625722574e+44,6.1270780472727e+41,5.788771360937201e+41,8.442826405e+44,3.30268599232997e+42,3.965179810846021e+42,0.228675,0.0103077685999999,0.0104499573,4.64261,0.052749404,0.0528227519999999,1.601365846e+44,4.814588643473901e+41,4.840427383226201e+41,4.994885184000001e+44,3.6983183784653e+42,3.6931806094706606e+42,0.124103,0.0138529964,0.0140583523
LoVoCCS-20,J1558.3-1410,20,LoVoCCS-20,239.5966667,-14.16777778,0.097,south,19,955.2882965444643,4.20373,0.0214658310000004,0.0214747759999998,2.6101489010000003e+44,1.04605989960492e+42,5.5121260691066006e+41,7.887403911e+44,3.05884921788294e+42,2.89810363510961e+42,0.383052,0.0085376436999999,0.0086720721999999,4.17481,0.0387876529999999,0.0387640180000001,1.388427331e+44,8.6108376093496e+41,5.5203387052109e+41,4.1509432710000005e+44,2.4789657742209803e+42,2.8739829394634405e+42,0.222911,0.0123762386,0.0125389399999999
LoVoCCS-21,J1327.9-3130,21,LoVoCCS-21,201.9895833,-31.5025,0.048,south,20,,,,,,,,,,,,,,,,,,,,,,,,,
LoVoCCS-22,J2034.7-3548,22,LoVoCCS-22,308.6995833,-35.81333333,0.0894,south,21,1012.5828463230946,4.63166,0.0857645910000002,0.0820086299999998,1.803016319e+44,1.1566903408489101e+42,9.853119646472402e+41,5.621521519e+44,6.318475509382341e+42,4.1088441689626705e+42,0.134199,0.0218947742,0.0217938596999999,4.65729,0.0978896429999993,0.0969205510000001,1.4881540310000002e+44,9.164850508086401e+41,9.4601913176482e+41,4.650350971e+44,5.3963290183136505e+42,7.55108276351275e+42,0.130713,0.0254575831999999,0.0256323163
LoVoCCS-23,J1712.7+6403,23,LoVoCCS-23,258.1966667,64.06138889,0.0809,north,22,,,,,,,,,,,,,,,,,,,,,,,,,
LoVoCCS-24,J2249.9-6425,24,LoVoCCS-24,342.4875,-64.42944444,0.094,south,23,1039.8094812314737,4.873,0.0475339240000005,0.0496419339999993,2.1365123750000003e+44,5.872519985425201e+41,6.766999222342501e+41,6.849980422e+44,2.6927494336464904e+42,3.8340581240982305e+42,0.203483,0.0125384228,0.0127461378,4.73603,0.0552861960000008,0.0555401059999995,1.6290572450000003e+44,7.3953850625755e+41,5.480986120540901e+41,5.142732803000001e+44,3.56267350834285e+42,4.50435660099186e+42,0.168459,0.0153368513,0.0155382322
LoVoCCS-26,J2214.5-1022,26,LoVoCCS-26,333.6358333,-10.37166667,0.098,south,25,1027.8704623570543,4.78513,0.0661005489999997,0.0677702820000005,2.1203002620000003e+44,8.862622193583202e+41,1.3691827900632702e+42,6.802714626000001e+44,4.897469068276391e+42,5.300139760650951e+42,0.349796,0.0226862997999999,0.0230741790999999,5.05852,0.1113116219999996,0.1175044130000007,1.3004971200000001e+44,8.952281584054201e+41,8.9735846637527e+41,4.262175268e+44,5.582503025742131e+42,7.43155613597292e+42,0.269457,0.0332364387999999,0.0340719828
LoVoCCS-27,J0342.8-5338,27,LoVoCCS-27,55.72458333,-53.63527778,0.059,south,26,,,,,,,,,,,,,,,,,,,,,,,,,
LoVoCCS-28,J1217.6+0339,28,LoVoCCS-28,184.4191667,3.6625,0.0766,south,27,919.8646985946807,5.71769,0.0604732679999999,0.0629311029999994,1.7555136820000001e+44,6.364758375766101e+41,5.5216441366221e+41,6.059320225e+44,3.9943948977104205e+42,3.2902486474548304e+42,0.20606,0.0156326542999999,0.0157997364,5.63466,0.0732978070000003,0.0733111509999995,1.3899035880000001e+44,5.2846654623378e+41,4.883241450538e+41,4.755377977000001e+44,3.46180273311909e+42,3.9537275720104306e+42,0.180263,0.0186215523,0.0188940599999999
LoVoCCS-29,J0042.1-2832,29,LoVoCCS-29,10.53625,-28.53583333,0.1082,south,28,1025.051061959027,4.80289,0.0526939199999993,0.0547614530000002,2.1424613140000004e+44,6.565882866385401e+41,1.03336429843265e+42,6.840675455000001e+44,3.5842506379534205e+42,3.95698915895854e+42,0.239982,0.0160410840999999,0.0162265094,4.86523,0.0774673950000002,0.0812325899999999,1.472440609e+44,6.541897826226701e+41,6.4926979247302e+41,4.718288181000001e+44,4.163544289472681e+42,5.47583982117768e+42,0.201944,0.0211475605,0.0214456500999999
LoVoCCS-30,J0918.1-1205,30,LoVoCCS-30,139.5270833,-12.09333333,0.0539,south,29,,,,,,,,,,,,,,,,,,,,,,,,,
LoVoCCS-31,J2210.3-1210,31,LoVoCCS-31,332.5820833,-12.17611111,0.0846,south,30,1069.742368424165,5.44433,0.0825629519999999,0.0903141439999997,2.1165292720000003e+44,1.41297706825881e+42,1.1312068912730401e+42,7.179865116e+44,6.410089522509211e+42,8.99358887386636e+42,0.273489,0.0235212721999999,0.0238908502,5.08255,0.0960468640000007,0.1018476459999995,1.6293621300000002e+44,8.8696276282963e+41,9.181100228791402e+41,5.3376070150000005e+44,5.992799284501851e+42,8.04247302961534e+42,0.235315,0.0277279276999999,0.0281763493
LoVoCCS-32,J1522.4+2742,32,LoVoCCS-32,230.6104167,27.70944444,0.0723,north,31,1018.0869795889888,4.60313,0.0463730380000004,0.046095427,1.9167021820000003e+44,1.20073131141642e+42,8.0191815138257e+41,5.99012751e+44,3.81871739816501e+42,4.2692964896869104e+42,0.221154,0.0129184073999999,0.0129741552,4.55197,0.0608171219999995,0.064784747,1.322240399e+44,7.984733058522e+41,9.697640261732701e+41,4.096206112e+44,3.08171295803562e+42,3.7841593178243006e+42,0.159773,0.0168516682,0.0170026935
LoVoCCS-34,J0011.7+3225,34,LoVoCCS-34,2.935,32.41694444,0.1073,north,33,997.231887814006,4.5745,0.0585481369999998,0.058987547,1.6086543570000002e+44,6.765096610535501e+41,1.0784757533642802e+42,5.034464096e+44,3.58191239489577e+42,3.9355344636000405e+42,0.285794,0.0197207065,0.0204414398,4.53809,0.0745236180000006,0.0736938729999998,1.2261758430000001e+44,6.6886943609474e+41,6.939778114638701e+41,3.824548102000001e+44,3.9694500772003803e+42,5.1284890638725504e+42,0.293267,0.0250423786999999,0.0256774329
LoVoCCS-35,J2246.3-5243,35,LoVoCCS-35,341.5775,-52.72944444,0.0965,south,34,1029.891852968286,4.84035,0.0566792569999998,0.0794580400000004,1.775108628e+44,6.0299476633219005e+41,9.284317952962501e+41,5.657689971000001e+44,3.11889580710938e+42,3.23511171950654e+42,0.160925,0.0145785119,0.0172687319,4.63849,0.0670515759999998,0.0659142219999999,1.4905346040000002e+44,6.253307615365901e+41,6.172776926412501e+41,4.6522321210000005e+44,3.541065382226271e+42,5.0488836652444205e+42,0.13941,0.0172442664,0.0174654523999999
LoVoCCS-36,J0736.4+3925,36,LoVoCCS-36,114.1058333,39.43333333,0.1177,north,35,,,,,,,,,,,,,,,,,,,,,,,,,
LoVoCCS-37,J2331.2-3630,37,LoVoCCS-37,352.8029167,-36.50666667,0.0957,south,36,872.3068582618412,3.58053,0.0391456209999998,0.0389595360000001,1.358249798e+44,2.12154976401324e+42,1.4468568749612303e+42,3.821282193000001e+44,6.48673917145529e+42,4.48676333508836e+42,0.489177,0.0186605799999999,0.0190288296,4.16024,0.0871069139999995,0.0864651820000004,7.956042188000001e+43,1.64572198524209e+42,1.5723113073345e+42,2.385863325e+44,5.3953376656073504e+42,5.3622403025021404e+42,0.320712,0.0289385769,0.0297630173999999
LoVoCCS-39,J1518.7+0613,39,LoVoCCS-39,229.69,6.231111111,0.1021,south,38,,,,,,,,,,,,,,,,,,,,,,,,,
LoVoCCS-40,J1539.5-8335,40,LoVoCCS-40,234.89125,-83.59222222,0.0728,south,39,941.8238118536735,4.01584,0.0406653569999999,0.0408123649999998,1.5266919750000003e+44,7.7217315027342e+41,7.735736234845801e+41,4.591159207e+44,4.25658875399862e+42,3.7964567573744304e+42,0.846533,0.0268527588999999,0.0275388126,3.83609,0.1250051609999998,0.1352220499999998,5.396490445e+43,6.900789528330801e+41,5.712927336982901e+41,1.565882891e+44,4.1630415172433706e+42,4.6932352609060004e+42,0.431946,0.0496477559999999,0.0521344243999999
LoVoCCS-41,J1330.8-0152,41,LoVoCCS-41,202.7079167,-1.872777778,0.0852,south,40,966.5641575932482,4.24389,0.0777869300000002,0.0779843279999994,6.922029005e+43,3.7997573857342e+41,5.9188892538058006e+41,2.0817662960000004e+44,1.81633310486433e+42,1.8657660358398e+42,0.19188,0.0234096553,0.0238432814,4.29428,0.1057621919999993,0.1110044230000006,5.01399242e+43,3.9542110969759006e+41,3.7157886258048005e+41,1.511374203e+44,2.2253852086245e+42,3.0138581879650803e+42,0.136058,0.0302117884,0.0310288250999999
LoVoCCS-42,J2154.1-5751,42,LoVoCCS-42,328.5383333,-57.85527778,0.076,south,41,988.8838598685536,4.53709,0.0866147939999999,0.0982460149999999,1.609689977e+44,2.5427236147486603e+42,2.18361679392062e+42,4.978806645e+44,9.68571741330303e+42,6.6451672249213e+42,0.157655,0.0246934162999999,0.0250505223999999,4.48004,0.1092256599999998,0.1133530130000002,1.2508148500000002e+44,2.6593920041664204e+42,3.1936639859250704e+42,3.839284808e+44,1.015488694110229e+43,1.0436382665140262e+43,0.125407,0.0297130819099999,0.0304891701
LoVoCCS-43,J1132.8+1428,43,LoVoCCS-43,173.2208333,14.46888889,0.0834,south,42,1000.8835840434642,4.55546,0.0497802869999999,0.0578682239999999,1.62428953e+44,5.3594451668284e+41,8.0078136320098e+41,5.075746187e+44,2.8451698802258106e+42,3.18089613896908e+42,0.297372,0.0163150891,0.0169934177999999,4.43749,0.0660146390000004,0.0658484299999999,1.2038235450000003e+44,5.127198271037801e+41,4.868918315077901e+41,3.709731154e+44,3.31664989888007e+42,4.606865854756611e+42,0.266802,0.0204551322999999,0.0208004938
LoVoCCS-44,J2149.1-3041,44,LoVoCCS-44,327.2808333,-30.69861111,0.1184,south,43,832.7005008399567,3.36627,0.0393177060000002,0.0391301209999999,1.3860610900000002e+44,6.031899329780101e+41,8.8931945591564e+41,3.7794969840000005e+44,2.1713613882242902e+42,2.5137853866000803e+42,0.358355,0.0174052110999999,0.0177605453,3.67783,0.084915257,0.0832781199999996,7.188745877e+43,5.1316834413853e+41,4.875292103589601e+41,2.024983652e+44,2.5463484032045602e+42,3.70462921512483e+42,0.137624,0.0246252453999999,0.0253374543
LoVoCCS-45,J0145.0-5300,45,LoVoCCS-45,26.25958333,-53.01388889,0.1168,south,44,1168.1365928282164,6.08728,0.0966074199999997,0.1066985990000004,1.70740634e+44,1.47368792827582e+42,1.5947936715779902e+42,6.127381164000001e+44,6.98664101052662e+42,7.927850803461021e+42,0.305666,0.0251960639,0.0254401088999999,6.14968,0.1231319879999999,0.1248449970000002,1.370803985e+44,1.3133390527907802e+42,1.38773431891126e+42,4.940522566000001e+44,6.841108669983551e+42,7.22860969923945e+42,0.299735,0.0308361020999999,0.0313394697
LoVoCCS-46,J2223.8-0138,46,LoVoCCS-46,335.9704167,-1.637777778,0.0906,south,45,961.3307457449356,4.23415,0.0520678069999993,0.0520555480000002,1.1744384590000002e+44,4.4826843781652006e+41,6.7868737489141e+41,3.551202209e+44,2.2274827148538402e+42,2.56667718211e+42,0.318357,0.0184366543999999,0.0187155440999999,4.22543,0.0611992749999998,0.0611803449999994,9.756643595e+43,4.6381145619826e+41,4.8799903216877006e+41,2.9452935020000005e+44,2.6745268375212303e+42,3.82728593329199e+42,0.304008,0.0211314817,0.0215073319999999
LoVoCCS-47,J1628.6+3932,47,LoVoCCS-47,247.1583333,39.54861111,0.0299,north,46,,,,,,,,,,,,,,,,,,,,,,,,,
LoVoCCS-48,J1257.1-1724,48,LoVoCCS-48,194.2904167,-17.40027778,0.0473,south,47,940.3555243537377,3.91521,0.1321470860000002,0.1340411020000003,1.1972055670000002e+39,1.1972055670000002e+39,2.5894806877252206e+45,3.4875201390000003e+39,3.4875201390000003e+39,5.884442413991054e+45,0.296183,0.0433459444999999,0.045447194,4.05741,0.173408814,0.1956559589999997,7.964168783e+43,1.5917776845116202e+42,1.0790548019231e+42,2.3848084260000003e+44,8.904474944854531e+42,5.71090025813037e+42,0.232978,0.0549255847999999,0.0579540421
LoVoCCS-49,J1141.4-1216,49,LoVoCCS-49,175.35125,-12.27222222,0.1195,south,48,855.5888370591888,3.53258,0.0519211389999996,0.051829525,1.4845628300000002e+44,1.05881227973945e+42,1.05336656641802e+42,4.254071765e+44,4.03873870983033e+42,3.166412016435901e+42,0.449597,0.0255816378,0.0263224856,3.80737,0.0964145169999999,0.1062362459999999,7.933345715e+43,1.13951202596596e+42,8.370902994813301e+41,2.33435294e+44,5.07664743271246e+42,3.5548665503407805e+42,0.310891,0.0374272109999999,0.0390583815
LoVoCCS-50,J1521.2+3038,50,LoVoCCS-50,230.3208333,30.64,0.0777,north,49,925.6022469926247,3.91682,0.0291251679999997,0.0291531599999999,8.452050660000001e+43,3.3507653144050005e+41,2.5134143097103006e+41,2.4503917910000002e+44,1.49655199423589e+42,1.46681851769187e+42,0.165163,0.0084892283999999,0.0085816739,3.85627,0.0343983319999998,0.037136233,7.457356040000001e+43,3.2280038967676004e+41,3.5687488172277e+41,2.146835037e+44,1.7890764333411804e+42,1.1755836442691802e+42,0.157429,0.0088335901,0.0092424424999999
LoVoCCS-51,J2218.0-6511,51,LoVoCCS-51,334.5229167,-65.185,0.0951,south,50,952.2206053659825,4.1733,0.0729554249999999,0.0732155780000001,1.303304772e+44,7.202847342613801e+41,1.01473526640721e+42,3.890171132e+44,3.32691841707097e+42,3.427228381294531e+42,0.192876,0.0225758994999999,0.023019529,4.21256,0.0981203119999998,0.0983099230000004,9.481320552000002e+43,6.5498223172569e+41,6.2058799905786004e+41,2.8280240980000003e+44,3.7460594960220804e+42,5.19744034597159e+42,0.0995409,0.02731931008,0.0279120939
LoVoCCS-52,J0433.6-1315,52,LoVoCCS-52,68.41,-13.25916667,0.0326,south,51,,,,,,,,,,,,,,,,,,,,,,,,,
LoVoCCS-53,J2344.2-0422,53,LoVoCCS-53,356.0666667,-4.3675,0.0786,south,52,965.2244733740931,4.21783,0.0726803509999998,0.0724423959999995,1.4568420310000002e+44,8.9731251047738e+41,1.2291137870596302e+42,4.387543729e+44,3.848054272246071e+42,4.3844740021474703e+42,0.275773,0.0240605537999999,0.0245982388,4.18105,0.0976960589999995,0.0978132230000001,1.063867022e+44,7.757258609411001e+41,7.7057945146792e+41,3.186619595e+44,4.480205796793671e+42,6.726409714401881e+42,0.245584,0.0301696985999999,0.0308555053
LoVoCCS-56,J2313.9-4244,56,LoVoCCS-56,348.4941667,-42.73388889,0.0564,south,55,700.446498445113,2.35644,0.005256391,0.0052478719999999,1.2213811760000002e+44,1.2798658226976001e+41,1.8551145418923e+41,2.9086662440000003e+44,4.5344934621882e+41,4.4151667769694e+41,0.257102,0.0023183401999999,0.0023433958999999,2.2564,0.010657117,0.0106713639999997,5.111782308000001e+43,1.4412410630198001e+41,1.1288392118746002e+41,1.2089493430000002e+44,4.3460470473370004e+41,3.0629908316141e+41,0.128593,0.0032917515,0.0033275004999999
LoVoCCS-57,J0006.0-3443,57,LoVoCCS-57,1.5125,-34.72416667,0.1147,south,56,1108.3338688987537,5.47014,0.1240425250000001,0.1311851220000006,1.53045038e+44,8.2612290813497e+41,1.7641974835240704e+42,5.192013886e+44,7.936953919800121e+42,7.360105925096321e+42,0.228644,0.0334692112999999,0.0342891844,5.30445,0.142768803,0.1445497079999995,1.2285929520000003e+44,1.5344770064766903e+42,1.51061316078246e+42,4.1019108240000006e+44,7.72491806732378e+42,7.55949857190867e+42,0.209222,0.0383916109999999,0.0394789152
LoVoCCS-58,J2134.2-1328,58,LoVoCCS-58,323.56875,-13.48,0.0897,south,57,627.5275839223754,2.06413,0.0840892799999999,0.047411099,1.1154985600000002e+44,1.38980139292747e+42,1.5581808961024002e+42,2.5457800150000003e+44,4.8551979414711203e+42,3.5076887967512205e+42,0.230248,0.0288577093,0.0214768261999999,3.27561,0.1620487269999997,0.1510094479999999,4.716442581000001e+43,1.24108758145419e+42,9.2997965492319e+41,1.269532376e+44,4.31794803337517e+42,3.89821137393411e+42,0.239761,0.0514690731,0.0544456989
LoVoCCS-59,J1709.8+3426,59,LoVoCCS-59,257.4533333,34.44055556,0.0802,north,58,975.3103975239644,4.46139,0.073817709,0.0737370650000004,1.155188747e+44,5.4017492288854004e+41,7.6089553039269e+41,3.5450115640000006e+44,2.7531683356171603e+42,3.2284769249658704e+42,0.152959,0.0203958345,0.0207408887999999,4.31142,0.0780210549999997,0.0840601039999997,1.0010619650000002e+44,4.9522986132747e+41,4.8192106396649004e+41,3.0240614090000004e+44,3.1803401509707004e+42,3.9858080772143606e+42,0.144284,0.0221282122999999,0.0225525919
LoVoCCS-60,J2218.2-0350,60,LoVoCCS-60,334.57125,-3.834166667,0.0901,south,59,1078.2427489301776,5.19412,0.0680835359999996,0.069197323,2.461496442e+43,2.7187821636771003e+41,3.5329877967327e+41,8.122299606000001e+43,9.937430153112401e+41,1.2267656928624302e+42,0.191586,0.0176166262999999,0.0178267708,5.0422,0.0735685940000001,0.073622341,1.7230685570000003e+43,2.2219621112107e+41,3.7054066508022e+41,5.603052125e+43,1.1328223606630402e+42,7.993433224075e+41,0.17954,0.0196555656,0.0198424418
LoVoCCS-61,J2226.0+1722,61,LoVoCCS-61,336.5108333,17.37805556,0.1072,north,60,1145.3710637356116,5.83209,0.0615815270000004,0.0615703610000002,1.6078892680000003e+44,4.334537673198701e+41,7.040865847574e+41,5.626995901e+44,3.0261834835483004e+42,3.28823375399777e+42,0.246618,0.0150710696999999,0.0152655378,5.48009,0.0819930729999995,0.0818998850000003,1.0952248630000001e+44,4.819706431994401e+41,4.477129037674901e+41,3.7166548260000005e+44,3.31980451171588e+42,3.5334728540682704e+42,0.224706,0.0202693956999999,0.0205819615
LoVoCCS-63,J1516.3+0005,63,LoVoCCS-63,229.08,0.097777778,0.1181,south,62,1005.2864705101614,4.6831,0.0657391759999992,0.0659068940000002,1.519692739e+44,9.446559349279402e+41,8.720767325626401e+41,4.796830718e+44,3.8926771930543805e+42,2.6436584732093502e+42,0.246078,0.0194794365,0.0198214244999999,4.46952,0.0808567160000004,0.0812899659999999,1.124393106e+44,6.7401925893013006e+41,8.367614728833901e+41,3.461376612e+44,3.67203313938164e+42,3.7160741694575904e+42,0.189099,0.0236502358,0.024144402
LoVoCCS-64,J2143.9-5637,64,LoVoCCS-64,325.9929167,-56.62638889,0.0824,south,63,794.4694745366463,3.00452,0.0387464189999997,0.0387988219999999,1.0528661780000001e+44,5.8794164323972e+41,5.1804900561782005e+41,2.736931448e+44,1.7625945013264502e+42,2.4952775345552805e+42,0.232076,0.0148893932,0.0152521177999999,2.77493,0.064353053,0.0628466460000001,5.637911717000001e+43,6.0431390519213006e+41,5.5696538301394e+41,1.423809427e+44,1.64869471460221e+42,2.04770158708821e+42,0.111689,0.0182476968699999,0.0189147784
LoVoCCS-65,J1326.9-2710,65,LoVoCCS-65,201.725,-27.18333333,0.0458,south,64,,,,,,,,,,,,,,,,,,,,,,,,,
LoVoCCS-66,J2152.4-1933,66,LoVoCCS-66,328.1,-19.565,0.0943,south,65,963.1089736596683,4.28834,0.1264503860000001,0.1334908779999999,9.306288982000002e+43,9.8489642532368e+41,1.39781885707287e+42,2.8302896130000004e+44,4.19492924105276e+42,4.5512109338633905e+42,0.317634,0.0435331807,0.0451651616999999,4.77508,0.1946040230000001,0.195806718,6.602529905000001e+43,8.8223030676982e+41,9.360329127324502e+41,2.112368269e+44,5.3691837461551607e+42,6.67332168966084e+42,0.321833,0.0611027758999999,0.0639516566
LoVoCCS-67,J2357.0-3445,67,LoVoCCS-67,359.2595833,-34.76055556,0.0475,south,66,,,,,,,,,,,,,,,,,,,,,,,,,
LoVoCCS-68,J1620.5+2953,68,LoVoCCS-68,245.1320833,29.89527778,0.0972,north,67,1051.240441915669,5.02004,0.1093855059999997,0.1090024339999997,1.274858096e+44,7.510254384118802e+41,1.1741619559769301e+42,4.155268464e+44,4.4968044493126e+42,4.6975620587978705e+42,0.2429,0.0312533396,0.0317270782999999,4.8758,0.146644255,0.1461652840000002,9.643712831e+43,7.9235300779819e+41,7.5029474859695e+41,3.0929600430000005e+44,5.1285599937169705e+42,6.918608327769861e+42,0.203966,0.0385763822,0.0397860582
LoVoCCS-69,J2321.5-4153,69,LoVoCCS-69,350.3891667,-41.89888889,0.0894,south,68,850.6768373848436,3.40636,0.0659584609999996,0.073770831,1.1141059840000002e+44,1.38825158753015e+42,1.0064121326631501e+42,3.0607181140000005e+44,4.23046385582547e+42,5.569824710789921e+42,0.439977,0.031144007,0.0319295705,3.82821,0.115723762,0.1268672159999999,7.272689853e+43,7.9945992848969e+41,7.2772616997667e+41,2.1011141360000003e+44,3.87617162428481e+42,5.1886642241463205e+42,0.341216,0.0430642032,0.0439548396999999
LoVoCCS-70,J0005.3+1612,70,LoVoCCS-70,1.344166667,16.21055556,0.1164,north,69,,,,,,,,,,,,,,,,,,,,,,,,,
LoVoCCS-71,J0704.4+6318,71,LoVoCCS-71,106.1020833,63.31611111,0.098,north,70,847.3363023402051,3.41269,0.066414935,0.0742899299999999,1.0851236710000001e+44,7.980483745430502e+41,1.0947955396411102e+42,2.9747473390000002e+44,3.06668444594715e+42,3.41150487407829e+42,0.286323,0.0252575198,0.0255453883,3.65759,0.1024435999999999,0.0986309009999999,8.332641739000001e+43,6.8475059913680006e+41,6.0420500894345e+41,2.3505536180000004e+44,3.651616809466051e+42,5.3334407147954404e+42,0.233719,0.0311902431,0.0326712604
LoVoCCS-72,J1144.6+6724,72,LoVoCCS-72,176.1675,67.41,0.1159,north,71,941.3830728685684,4.15998,0.1286543230000001,0.1246378359999997,1.167649572e+44,1.09658369280018e+42,1.54347249180601e+42,3.4711707470000002e+44,4.83298855796011e+42,5.3257420327787206e+42,0.142117,0.0357279114999999,0.0368647649999999,4.38793,0.1656449379999998,0.1786029010000005,8.405698616000001e+43,9.506730863494e+41,8.124038975470902e+41,2.558823171e+44,6.075510352433941e+42,7.65484085910293e+42,0.139593,0.0482509560799999,0.0499685018
LoVoCCS-74,J2209.3-5148,74,LoVoCCS-74,332.3470833,-51.815,0.1065,south,73,960.1627991682532,4.27759,0.127783634,0.1348964229999998,9.412799879e+43,1.0217302499443601e+42,1.52085117028257e+42,2.856381091e+44,4.2862494085639303e+42,4.66335051511935e+42,0.29483,0.0442983737999999,0.0458009773,4.07522,0.154754059,0.1651847870000002,6.898742353e+43,9.6615855010984e+41,8.99575229475e+41,2.0476350040000002e+44,4.76273806518032e+42,6.329629842809661e+42,0.297844,0.0545022487999999,0.0577237386
LoVoCCS-75,J2307.2-1513,75,LoVoCCS-75,346.81375,-15.22833333,0.111,south,74,819.1557137424664,3.24725,0.063886794,0.0667632439999996,1.2528434390000002e+44,8.7338492869567e+41,1.2332795663736401e+42,3.367279662e+44,3.2930477243094506e+42,3.46868294451526e+42,0.428473,0.0297494710999999,0.0310331433,3.30324,0.0971632540000002,0.0948371789999997,7.821313312e+43,7.702647186558801e+41,6.6828901178724004e+41,2.112041491e+44,3.2719284372747504e+42,4.938920696434441e+42,0.248986,0.0342965168,0.0359897841
LoVoCCS-76,J2313.0-2137,76,LoVoCCS-76,348.25375,-21.63194444,0.0871,south,75,826.6625055744271,3.23259,0.0627143590000001,0.0688494959999999,1.161479279e+44,9.2494952837417e+41,1.3602209051762602e+42,3.1149306010000004e+44,3.4667297674586905e+42,3.46235429307466e+42,0.365172,0.0268113439,0.027595019,3.33004,0.131477303,0.1350702589999999,5.537412255000001e+43,7.5813609784577e+41,6.5112463110870005e+41,1.4990662950000001e+44,3.60397090962908e+42,4.4542707773254403e+42,0.17132,0.0382315077,0.0405212197
LoVoCCS-77,J1133.2+6622,77,LoVoCCS-77,173.3195833,66.37861111,0.116,north,76,1043.6614969592995,7.55285,0.3758850350000005,0.4012007679999998,1.565410496e+44,1.98999227382821e+42,1.8425302164129304e+42,6.360224399000001e+44,1.9017087790967562e+43,1.1961205483801792e+43,0.641483,0.1105513213,0.1176447764999999,10.1632,0.8232439409999994,0.9873288700000008,1.081225631e+44,1.62074981055086e+42,1.3917813775247102e+42,5.086418294e+44,2.0751614222467562e+43,2.0037100811239112e+43,1.01886,0.2343228524,0.2632921229999998
LoVoCCS-78,J1341.8+2622,78,LoVoCCS-78,205.4741667,26.37194444,0.0724,north,77,850.7025136561828,3.36208,0.034401903,0.0342314289999996,1.017634947e+44,3.6759977011983e+41,5.177345978525501e+41,2.774719256e+44,1.3783726528921902e+42,1.5147510952996e+42,0.318564,0.0135603809,0.0137663177999999,3.27309,0.0523590769999997,0.0470938630000001,7.448055865e+43,3.4121097875687e+41,3.3457712917526003e+41,2.004825274e+44,1.45027090540463e+42,2.3097654817812603e+42,0.226376,0.0155514001,0.0159094804
LoVoCCS-79,J1521.8+0742,79,LoVoCCS-79,230.4583333,7.708888889,0.0442,south,78,,,,,,,,,,,,,,,,,,,,,,,,,
LoVoCCS-80,J0328.6-5542,80,LoVoCCS-80,52.15625,-55.71277778,0.0853,south,79,1057.9255415747825,5.09135,0.1363438980000006,0.1433750619999996,1.2581249530000002e+44,1.7765065528397304e+42,1.4740356023442602e+42,4.1465515990000005e+44,9.331949147047921e+42,5.1762012611989905e+42,0.313788,0.0409712292,0.0425498803,4.99535,0.2238045729999997,0.2336079980000001,7.748106607000001e+43,1.48946820210998e+42,1.77769188175132e+42,2.518176768e+44,7.58543243435242e+42,7.906301714673061e+42,0.238448,0.0620767818999999,0.065841129
LoVoCCS-81,J0345.9-2416,81,LoVoCCS-81,56.48333333,-24.28027778,0.1057,south,80,920.1556267903707,3.97069,0.0805885009999998,0.0804200229999998,9.751440784e+43,6.4160075801490005e+41,8.5603667476242e+41,2.8565431220000006e+44,2.71205004284758e+42,2.81764600985517e+42,0.268965,0.0272061836999999,0.0279905574,3.90845,0.0970027550000001,0.093602916,8.184067306000001e+43,6.0037237314152e+41,5.466810589164501e+41,2.3782306420000005e+44,3.1727378207285005e+42,4.4798574592257006e+42,0.246753,0.0305015737,0.0315020102999999
LoVoCCS-82,J0102.7-2152,82,LoVoCCS-82,15.67541667,-21.87361111,0.0569,south,81,796.9599539749789,3.07989,0.0113131379999997,0.0146588580000002,1.0492780200000002e+44,3.7079975389983e+41,5.6701575380089e+41,2.7599692500000006e+44,1.0233083969307601e+42,1.3550730898758202e+42,0.372272,0.0048473272999999,0.0054249141,3.19382,0.0241040250000001,0.0241000959999997,5.945708108000001e+43,2.9146862167675003e+41,4.463915800557e+41,1.5835341390000001e+44,1.0139288121925701e+42,1.1534008575587302e+42,0.137661,0.0066860152,0.0067811690999999
LoVoCCS-83,J1516.7+0701,83,LoVoCCS-83,229.1833333,7.018611111,0.0353,south,82,,,,,,,,,,,,,,,,,,,,,,,,,
LoVoCCS-84,J2216.2-0920,84,LoVoCCS-84,334.0645833,-9.34,0.0825,south,83,810.3740882713104,3.11013,0.0474256179999996,0.0474433410000001,1.0645160680000002e+44,6.024296905733301e+41,8.5089325850329e+41,2.8063444280000003e+44,2.2469890387629902e+42,2.43738809582114e+42,0.272867,0.0187698457,0.0192779944999999,3.087,0.072885592,0.0731122559999999,6.730909809000001e+43,5.2661637958847e+41,4.3026035454654004e+41,1.7676820550000003e+44,2.51150410897306e+42,3.66629408438746e+42,0.144049,0.022446457,0.0232599619999999
LoVoCCS-85,J0049.4-2931,85,LoVoCCS-85,12.35,-29.52444444,0.1084,south,84,907.7114134796291,3.88865,0.1115695050000002,0.1062109769999999,8.483813687000001e+43,8.2860966572232e+41,1.1030661493687101e+42,2.4615102190000003e+44,3.21184103494692e+42,3.60478756575477e+42,0.267275,0.0331785168999999,0.0345047313999999,4.13611,0.1873470080000006,0.180289245,5.365277532000001e+43,6.847608412819601e+41,6.8814529509285e+41,1.594087762e+44,3.9364266880990107e+42,5.78078260595864e+42,0.179516,0.0479007038,0.0509369729999999
LoVoCCS-86,J0056.3-0112,86,LoVoCCS-86,14.07625,-1.216666667,0.0442,south,85,,,,,,,,,,,,,,,,,,,,,,,,,
LoVoCCS-87,J0020.6+2840,87,LoVoCCS-87,5.170416667,28.675,0.094,north,86,1041.433501409443,4.93837,0.0840464,0.0841379910000004,1.270251702e+44,5.669559181307701e+41,8.779971645264301e+41,4.103380839e+44,3.6660150047334006e+42,4.07358137664978e+42,0.224433,0.0234986811,0.0238765772,4.81617,0.0915577599999997,0.0980761760000001,1.062829796e+44,5.5666464371613e+41,5.6601330177060005e+41,3.3902415320000006e+44,4.02950147747196e+42,4.827279783615781e+42,0.208664,0.0264698787999999,0.0269493772
LoVoCCS-89,J2312.3-2130,89,LoVoCCS-89,227.865,6.349,0.1108,south,88,843.5668207491498,3.4086,0.1979071709999997,0.2077672910000001,1.5149163650000001e+44,5.45393859566269e+42,6.065530549227551e+42,4.149114517e+44,1.5254612178998132e+43,2.098431042831594e+43,0.288931,0.0688048997999999,0.075029433,3.25229,0.2066248289999999,0.2595222619999999,1.1831266890000001e+44,5.0887710134224306e+42,3.61227128036331e+42,3.1746335160000004e+44,2.5783440411005744e+43,1.631556427116524e+43,0.257805,0.075620123,0.0891646863
LoVoCCS-90,J1511.3+0619,90,LoVoCCS-90,227.8479167,6.318888889,0.0817,south,89,1129.7094449142676,6.95311,0.7811467589999994,0.8683357370000007,7.409208908000001e+43,4.098033068028311e+42,3.623934851761001e+42,2.913525332e+44,1.8602309299581113e+43,1.54908923514464e+43,0.764161,0.2501656487,0.2856367890000001,7.57213,0.9104866659999996,1.3216799029999995,6.484387092000001e+43,3.3093743155194106e+42,3.04682408925826e+42,2.668790768e+44,2.8205722911449224e+43,1.673483859705946e+43,0.878751,0.3152618035,0.3762377550000001
LoVoCCS-91,J2319.1-4206,91,LoVoCCS-91,349.775,-42.11388889,0.045,south,90,,,,,,,,,,,,,,,,,,,,,,,,,
LoVoCCS-93,J0627.2-5428,93,LoVoCCS-93,96.81,-54.47,0.0506,south,902,,,,,,,,,,,,,,,,,,,,,,,,,
LoVoCCS-94,J1244.6-1159,94,LoVoCCS-94,191.1583333,-11.98527778,0.0963,south,92,946.8490758081874,4.13608,0.1409504259999998,0.1402198970000006,8.499220865000001e+43,1.51700878361833e+42,1.70802489566361e+42,2.530457098e+44,7.038569405742171e+42,7.126401248857751e+42,0.223492,0.0434160212999999,0.0454611853,4.12901,0.1973572109999999,0.1962780159999999,6.092425838e+43,1.6762373743468302e+42,1.8477712644175803e+42,1.8043692480000003e+44,6.845872021125242e+42,7.37870248908312e+42,0.131915,0.05310491735,0.056301967
LoVoCCS-95,J1336.1+5912,95,LoVoCCS-95,240.56,15.965,0.0701,north,93,921.9892401658603,3.96428,0.059188229,0.0593149809999995,4.8033876990000004e+42,4.8033876990000004e+42,7.446929043833301e+42,1.3958731870000001e+43,1.3958731870000001e+43,1.85342143348956e+43,0.100941,0.01648061431,0.0166478989999999,3.88624,0.0737641579999999,0.0686841710000001,1.343170625e+44,1.1552497893955201e+42,9.6672048427609e+41,3.8694451330000004e+44,4.9181254257594004e+42,4.0372363460398505e+42,0.0951609,0.01854399465,0.0187850312999999
LoVoCCS-96,J1442.3+2218,96,LoVoCCS-96,220.5766667,22.30472222,0.0901,north,94,842.0206414701213,3.35632,0.0677325180000001,0.0674934649999996,9.124328402000002e+43,7.100818211534301e+41,9.770216436818302e+41,2.4846754130000003e+44,2.6140321176265204e+42,2.83839736594605e+42,0.29798,0.0262839749,0.0270123444999999,3.25801,0.1569373650000001,0.1380016299999997,4.710845585e+43,5.920730023205101e+41,4.9248887487408004e+41,1.2620942090000002e+44,2.8415738324349e+42,3.5892576132888304e+42,0.0764623,0.03568516996,0.0360818208
LoVoCCS-97,J1602.3+1601,97,LoVoCCS-97,240.5779167,16.02,0.0353,north,95,,,,,,,,,,,,,,,,,,,,,,,,,
LoVoCCS-98,J2354.2-1024,98,LoVoCCS-98,358.5558333,-10.41277778,0.0765,south,96,905.7020500132511,3.75971,0.0673939830000001,0.0669137749999997,9.864074945000001e+43,6.949250202180201e+41,6.8466278383578e+41,2.822543129e+44,2.3743968672361102e+42,3.7449768409388e+42,0.290928,0.0233791683,0.0240455081,3.72007,0.1030533400000002,0.0989125169999995,6.685496394000001e+43,7.2709014843999e+41,5.5529420019603e+41,1.8984758600000002e+44,3.4144714918417005e+42,4.0707996277405004e+42,0.205729,0.0294899563,0.0307152679
LoVoCCS-99,J1257.2-3022,99,LoVoCCS-99,194.3204167,-30.37694444,0.0554,south,97,,,,,,,,,,,,,,,,,,,,,,,,,
LoVoCCS-101,J1516.5-0056,101,LoVoCCS-101,229.1416667,-0.948888889,0.1198,south,99,,,,,,,,,,,,,,,,,,,,,,,,,
LoVoCCS-102,J1349.3+2806,102,LoVoCCS-102,207.34,28.10361111,0.0748,north,100,897.0025874431768,3.89692,0.046687844,0.0466904189999999,9.218675885e+43,5.868667897176001e+41,5.7419935134395e+41,2.6717449790000003e+44,2.48927356324061e+42,1.8755652209819804e+42,0.212341,0.0138557169,0.0140652004999999,3.69248,0.058833619,0.0588012979999996,6.709963654e+43,6.3170935871440005e+41,7.1291096503516e+41,1.896580116e+44,2.3669348043574102e+42,2.6288352338448103e+42,0.167019,0.0162456965999999,0.0165611022
LoVoCCS-103,J0034.6-0208,103,LoVoCCS-103,8.65,-2.14,0.0812,south,101,,,,,,,,,,,,,,,,,,,,,,,,,
LoVoCCS-105,J0013.6-1930,105,LoVoCCS-105,3.409583333,-19.50222222,0.094,south,103,970.4076566895765,4.39117,0.0687074540000001,0.0688536600000002,8.480310803e+43,3.5550922282786e+41,5.2760883910735e+41,2.582739319e+44,1.9221061314350402e+42,2.0584379687015003e+42,0.142513,0.0186986249,0.0189854133,4.23568,0.079190606,0.0790745819999996,6.671377979000001e+43,3.4658686984358005e+41,3.2116415015954005e+41,1.9946950710000003e+44,2.0949262375186102e+42,2.85172623846384e+42,0.0990858,0.0211866968999999,0.0216033496
LoVoCCS-106,J0034.2-0204,106,LoVoCCS-106,8.557916667,-2.075277778,0.0822,south,104,810.3456962147399,3.06627,0.2213886489999996,0.2403564920000001,2.413646281e+43,2.93376369581524e+42,-2.085414949529e+40,6.326004337e+43,8.412122545864021e+42,8.4562426131002e+41,0.260945,0.0827317390999999,0.092891634,2.99291,0.2504783960000001,0.2667318839999999,2.0587197420000003e+43,4.5405936122422603e+42,8.110369810198e+40,5.343568385e+43,1.575195099613898e+43,1.0564228224745e+41,0.245772,0.0895875645,0.1028126861
LoVoCCS-109,J2316.1-2027,109,LoVoCCS-109,349.03125,-20.45527778,0.0822,south,107,708.7180159342478,2.45874,0.0266174459999999,0.0265136309999998,9.011915443000002e+43,6.971680720480101e+41,9.0590504930639e+41,2.1633492830000004e+44,2.63916095336624e+42,2.4771873755347703e+42,0.403723,0.0145247265999999,0.0149160205,2.75086,0.0516360099999997,0.049960655,5.298218414e+43,8.683349141709601e+41,6.557881969248001e+41,1.3302947130000002e+44,2.5140443728768903e+42,2.3567910131389503e+42,0.29863,0.0198406015,0.0206994798999999
LoVoCCS-110,J0351.1-8212,110,LoVoCCS-110,57.7871,-82.2167,0.0613,south,900,838.7395286253146,3.5053,0.0913821079999999,0.0919135589999999,7.349566003e+43,5.210220259174e+41,8.6614788307811e+41,2.0333457980000004e+44,3.9920610750816105e+42,3.5203169167433805e+42,0.178302,0.0268895446999999,0.0280033865,3.32015,0.1064785139999999,0.1071962870000002,5.925423037000001e+43,8.491961885247901e+41,8.809048791143702e+41,1.6024717100000003e+44,3.82694169277033e+42,3.44908881458149e+42,0.155345,0.0298863932,0.0314483636999999
LoVoCCS-117,J1523.0+0836,117,LoVoCCS-117,230.7725,8.6025,0.0355,south,114,,,,,,,,,,,,,,,,,,,,,,,,,
LoVoCCS-118,J1659.7+3236,118,LoVoCCS-118,254.9366667,32.61361111,0.1013,north,115,756.4841459682214,2.78242,0.184380054,0.1944463239999998,7.796352187e+43,3.46554794804107e+42,3.608542134460971e+42,2.031597074e+44,7.854811603652151e+42,7.791465078410111e+42,0.541479,0.1125862551,0.1318322408,2.79248,0.2650901549999997,0.3200378990000003,4.259233707000001e+43,2.89326530245668e+42,2.6168637344798705e+42,1.116714972e+44,8.05294343365684e+42,5.06486111054233e+42,0.238579,0.1052686172,0.1305719633999999
LoVoCCS-119,J0821.0+0751,119,LoVoCCS-119,125.2575,7.866111111,0.11,south,116,755.1142032843429,2.81469,0.0225305740000001,0.0224806619999999,6.382277396000001e+43,2.4092399491986004e+41,2.8809885453192004e+41,1.6147182330000002e+44,1.2339917983930502e+42,1.08262089397479e+42,0.361862,0.0100918711,0.0102661658999999,3.21048,0.047983684,0.0568256690000001,3.466536997e+43,2.8199333933569005e+41,2.5947346161148e+41,9.246278751e+43,9.179044131862e+41,9.8865562586225e+41,0.208054,0.0153159120999999,0.015470716
LoVoCCS-120,J2205.6-0535,120,LoVoCCS-120,331.41875,-5.593333333,0.0582,south,117,676.9492796957956,2.22257,0.0300087600000003,0.0298793259999996,6.336157865e+43,5.640471629336001e+41,6.4126162515951e+41,1.481069265e+44,1.7284646660094104e+42,1.2443193495686802e+42,0.242584,0.0130269145999999,0.0135066215,2.36829,0.0524761009999998,0.0526247290000001,3.8671831730000003e+43,6.640252585609801e+41,4.793725431640301e+41,9.264013949e+43,1.9267822542338004e+42,1.52085363305148e+42,0.158687,0.0172240341999999,0.0180944819999999
LoVoCCS-121,J0330.0-5235,121,LoVoCCS-121,52.50291667,-52.59611111,0.0624,south,118,777.9487115052726,2.84908,0.0366973989999999,0.0366476740000001,2.5922736050000004e+43,1.8283186841827004e+41,1.7254526211942e+41,6.607295449000001e+43,5.5296081519341e+41,5.7259087162734004e+41,0.243728,0.0125675157,0.0128721211999999,2.82409,0.042196692,0.042167596,2.166478327e+43,1.8597821279590003e+41,1.5233237383981002e+41,5.504539788000001e+43,6.2401948226285004e+41,5.3436601788014005e+41,0.222547,0.0136508434,0.0140174034999999
LoVoCCS-123,J1254.6-2913,123,LoVoCCS-123,193.6725,-29.22333333,0.0544,south,120,942.5319429564545,4.02655,0.1139282740000005,0.1258621689999994,6.765282672000001e+43,5.8975010640295e+41,8.8487049724108e+41,1.986147461e+44,2.6946789446614402e+42,2.88157852937352e+42,0.175998,0.0353929631999999,0.036462826,3.74378,0.1901349580000002,0.2047685889999999,3.8949774240000003e+43,6.133698826421401e+41,9.126556703303402e+41,1.1008901310000002e+44,3.22011285841799e+42,4.940332889291671e+42,0.00729013,0.00729013,0.04968165144
LoVoCCS-124,J1113.3+0231,124,LoVoCCS-124,168.33625,2.532222222,0.078,south,121,905.6483246397095,3.75909,0.1135492830000002,0.1152717509999998,5.965715593000001e+43,8.6737022480018e+41,6.026254124485401e+41,1.7041510760000002e+44,3.9721962490426407e+42,4.00019731326799e+42,0.245965,0.0358326323,0.0374764409,3.55312,0.1222674479999996,0.1300604760000001,5.040797408e+43,8.502272688107301e+41,7.7969321739718e+41,1.404309058e+44,4.5532109059738906e+42,3.17302892207371e+42,0.22668,0.0377959565,0.0399482652
LoVoCCS-126,J0011.3-2851,126,LoVoCCS-126,2.83625,-28.855,0.062,south,123,,,,,,,,,,,,,,,,,,,,,,,,,
LoVoCCS-127,J2145.9-1006,127,LoVoCCS-127,326.4783333,-10.10444444,0.0808,south,124,932.9983019193327,3.99777,0.1184960899999998,0.1181735699999997,8.480339072000001e+43,9.9421262985481e+41,1.3140641778538102e+42,2.492450668e+44,3.9028290467883605e+42,4.2623607291094306e+42,0.275767,0.0383733602999999,0.0402333297,4.11236,0.1488005119999997,0.1703516690000004,6.398859628e+43,8.496269487745701e+41,8.525529199799802e+41,1.902012163e+44,4.76936159367175e+42,6.92858997885879e+42,0.242136,0.0496463846999999,0.0521118617
LoVoCCS-128,J0425.8-0833,128,LoVoCCS-128,66.46416667,-8.559166667,0.0397,south,125,,,,,,,,,,,,,,,,,,,,,,,,,
LoVoCCS-130,J1111.6+4050,130,LoVoCCS-130,359.713,-60.642,0.0794,north,127,810.1499579002956,3.07755,0.0307280620000001,0.0317775720000002,4.792051664e+43,5.1382786420303e+41,4.976487420682e+41,1.257513473e+44,1.7473212065489605e+42,1.31811317316882e+42,0.183612,0.008506493,0.0091294476,3.0835,0.0367169669999998,0.0306638920000001,4.287586235e+43,6.3941820226596004e+41,5.5165748815979005e+41,1.125927411e+44,1.43802108186018e+42,1.6392444477833503e+42,0.175812,0.0093659271999999,0.0095452109999999
LoVoCCS-131,J0910.6-1034,131,LoVoCCS-131,137.65125,-10.58111111,0.0916,south,128,989.2081095150189,4.43327,0.1615137420000003,0.1659183070000001,1.0328035120000002e+44,1.28276420145485e+42,1.9252453870986604e+42,3.1693465750000005e+44,5.808805445096551e+42,6.67305755850247e+42,0.198729,0.0477620698999999,0.0502616039,4.56044,0.217215565,0.2055991759999997,7.601933385000001e+43,1.2507356177526102e+42,1.1940888056499402e+42,2.364127401e+44,6.953414308271001e+42,9.157187606831131e+42,0.204792,0.0628821034,0.0677564678999999
LoVoCCS-132,J0155.1+3355,132,LoVoCCS-132,28.78958333,33.92222222,0.0872,north,129,789.269332532155,2.98323,0.0487554819999997,0.0487146760000003,1.0150859280000002e+44,8.947623043188401e+41,7.355518077409201e+41,2.6311914920000005e+44,2.90203320111689e+42,3.9137967320191805e+42,0.16691,0.0168269125999999,0.0173215619999999,2.95649,0.05779822,0.0585954549999998,8.260242504000001e+43,8.6697809003656e+41,7.298556144747701e+41,2.1339110720000004e+44,2.5551697275779203e+42,2.95037602194679e+42,0.124461,0.0181754741,0.0187688124999999
LoVoCCS-133,J2359.3-6042,133,LoVoCCS-133,359.83,-60.7,0.0989,south,130,1066.7272230973492,2.43695,0.116865272,0.1254411769999999,2.409614597e+43,8.4317913478785e+41,5.6222496869324e+41,5.837515827000001e+43,1.8410767635874602e+42,2.4491996347472802e+42,0.0662428,0.02673947177,0.02858971718,2.40063,0.1197720580000001,0.133089601,2.232437824e+43,5.9892247284700005e+41,6.4600638283294005e+41,5.384326617000001e+43,2.1955914798497002e+42,1.86442069491493e+42,0.0665342,0.02767221216,0.0296135554
LoVoCCS-134,J2158.4-6023,134,LoVoCCS-134,329.6133333,-60.39944444,0.075,south,131,843.0767856591866,3.50032,0.1026518599999999,0.1032702260000002,5.061180369e+43,4.65956832763e+41,6.2249550325898005e+41,1.396662206e+44,1.8508189081573603e+42,2.09663441924744e+42,0.113048,0.0282666102499999,0.0293978059,3.47671,0.11144247,0.1126237359999997,4.602958594e+43,4.3880839869392e+41,3.6926856145952e+41,1.266658282e+44,2.3216462863960002e+42,3.3646259297890705e+42,0.111311,0.03020819088,0.0316046899
LoVoCCS-135,J1353.0+0509,135,LoVoCCS-135,208.2541667,5.155,0.0788,south,132,,,,,,,,,,,,,,,,,,,,,,,,,
LoVoCCS-137,J2347.7-2808,137,LoVoCCS-137,356.93,-28.14138889,0.03,south,134,,,,,,,,,,,,,,,,,,,,,,,,,
LoVoCCS-138,J0314.3-4525,138,LoVoCCS-138,48.5825,-45.42416667,0.0718,south,135,811.3904554992573,3.09186,0.043593575,0.0421406439999998,8.333415291000001e+43,4.41158609202e+41,3.6406267425650005e+41,2.193889887e+44,1.82675973611116e+42,1.4319510561282202e+42,0.351399,0.0178499649,0.0183135512,3.03873,0.0667684269999999,0.0756647469999998,4.962823339e+43,5.6682647753693e+41,3.785398226318501e+41,1.2964004170000002e+44,1.96131956020674e+42,1.50731542451249e+42,0.204254,0.0221880847,0.0230695446
LoVoCCS-139,J1413.7+4339,139,LoVoCCS-139,213.43125,43.66333333,0.089,north,136,,,,,,,,,,,,,,,,,,,,,,,,,
LoVoCCS-141,J1359.2+2758,141,LoVoCCS-141,209.8229167,27.97277778,0.0612,north,138,696.6284548754885,3.89322,0.0499141389999997,0.048225565,7.094638672e+43,1.17213131970423e+42,8.3530679500336e+41,2.0638431920000004e+44,2.8338932436085703e+42,4.7567374218253805e+42,0.317597,0.0165374001999999,0.0168254961999999,3.71119,0.0630595690000004,0.0629546709999999,4.976567597e+43,9.977345269358102e+41,9.206480568580801e+41,1.415120846e+44,2.9499790506890004e+42,3.245030757704561e+42,0.27838,0.0205027865,0.0210229271999999
LoVoCCS-142,J0448.2-2028,142,LoVoCCS-142,72.05083333,-20.46972222,0.072,south,139,855.5763402350856,3.45248,0.1364184819999998,0.1361959339999998,4.341562488e+43,8.113583522047702e+41,7.921359789857301e+41,1.1910328610000002e+44,3.54009616531924e+42,2.9306218752644805e+42,0.0965455,0.03346689793,0.0353565785999999,3.37986,0.129912231,0.1550470330000002,3.9582851720000006e+43,5.8116193554408e+41,9.910286190007602e+41,1.0765917540000002e+44,3.385526769411891e+42,2.3562311753696402e+42,0.092004,0.03450511519,0.0361547711
LoVoCCS-143,J2323.8+1648,143,LoVoCCS-143,350.9729167,16.80888889,0.0416,north,140,,,,,,,,,,,,,,,,,,,,,,,,,
LoVoCCS-146,J0041.7+2124,146,LoVoCCS-146,10.44625,21.41388889,0.1014,north,143,,,,,,,,,,,,,,,,,,,,,,,,,
