parent_LoVoCCSID,cluster,redshift_target,BCG_ra,BCG_dec,mass_map_ra,mass_map_dec,RS_map_ra,RS_map_dec,BCG_angle,mass_map_angle_05,mass_map_angle_10,mass_map_angle_20,RS_map_angle_05,RS_map_angle_10,RS_map_angle_20,cluster_type
1,A2029,0.0773,227.73377113835704,5.744818797160386,227.73170378631164,5.775643594670491,227.74269228452388,5.770095305208274,-62.61,84.60219629372118,83.57051570007201,-69.68925283,-74.37801212,-74.17077531,-84.28021634,a
2,A401,0.0743,44.74080088448228,13.582685551436711,44.741462460682264,13.582398547745585,44.74269362659011,13.579044589131913,-63.16,-6.824411701,0.6401140292048487,-24.65401134,-61.3474897,-47.58540632,-58.13883214,a
4,A85,0.0556,10.460318908163622,-9.303483546,10.44673941986529,-9.332132648,10.4050898,-9.312744499,58.59,-70.09550896,-84.0319523,-40.61094165,84.70846796822808,72.22068191,74.50813765,b
5,A3667,0.0552,303.11393090192354,-56.82678783,303.13591355891447,-56.84564143,303.15073810115007,-56.83633856,44.27,-68.92925873,79.59599627557533,-84.32504763,38.48284685286826,44.17510658962391,48.13976507131453,a
7,A3827,0.0972,330.46962089185286,-59.94659708,330.45866703567555,-59.94237361,330.4811286870096,-59.93751815,72.4,78.18199112836888,68.84308927684658,56.923348799284945,72.85300797,64.10156244713617,83.36213837295942,a
9,A3266,0.0577,67.80532098835579,-61.45334429,67.79935092458796,-61.43292394,67.82317534577322,-61.44500747,-9.76,-74.27432168,80.47980579073035,86.42309825010256,-25.38246249,-24.22717298,-43.98850195,a
10,A1651,0.08384203,194.8436751,-4.196089045,194.8293387712892,-4.201678209,194.85129776948494,-4.196205867,-12.7,21.32076711128032,23.34930962291979,-65.84708221,-6.463090342,-1.649556401,-10.02447022,a
11,A754,0.0535,137.13485000524543,-9.629679349,137.14038002281453,-9.649100758,137.12415963967922,-9.63171482,21.85,28.691406570571864,35.04597688139349,51.45766320539426,19.319713151108427,21.398722787256034,8.420281447456459,a
12,A3571,0.0397,206.86818240349572,-32.86425843,206.8893160610067,-32.90634829,206.85018291945946,-32.87529555,-84.7,65.09539433932827,61.85981060477304,17.791101963480372,83.90295231480181,88.43909310184759,85.55837327431057,a
13,A3112,0.0759,49.490277857574995,-44.23826999,49.493384215207634,-44.27384898,49.50318233426829,-44.22104337,-83.66,-75.01266367,-87.39240126,82.31971074826147,-53.32364534,-67.94652368,83.57196685278959,a
14,A399,0.0718,44.47132680400537,13.030893681250674,44.45653161088649,13.034334692528445,44.44278610754846,13.016355662420937,-43.18,-33.15666997,-10.4729288,-9.624987083,-64.18093001,-34.35848065,-39.62624353,a
15,A2597,0.0824,351.3322681913289,-12.12422587,351.3241256870014,-12.12702549,351.3138549190378,-12.11147603,49.68,68.32365195383468,-66.83484493,-65.58115898,51.55321788524528,80.8972651,75.55056466065803,a
18,A1650,0.0843,194.67290467631162,-1.761414833,194.6675984403433,-1.776560767,194.68010871890405,-1.768680329,70.97,42.87226002948894,53.55322753589536,11.381389085791525,70.49923472394977,64.77922127,67.39481332006673,a
21,A3558,0.0469,201.98685568910523,-31.49611292,201.97763148253588,-31.48057198,201.96679449763755,-31.52182791,74.5,70.43943219507544,67.37678229,54.17006302989634,46.721888246256896,44.577235830072404,10.70503799322628,a
22,A3695,0.089375,308.68948984616844,-35.82400446,308.69013817655525,-35.82655543,308.68937099117863,-35.78411781,63.18,41.78567478299939,2.5127751352041394,-11.65748546,54.03259220945711,79.59760559242369,82.25365626823348,a
24,A3921,0.089,342.49261121002513,-64.42965182,342.48190773463324,-64.35258836,342.44051297825104,-64.43006443,-5.13,-75.86316437,-39.12670935,-22.51818323,0.2873668896469073,4.890427327,-10.65180529,a
26,A2426,0.103,333.63160707536053,-10.37400251,333.6326235545841,-10.34694726,333.6394884354319,-10.36661039,-4.83,76.84902930669595,82.43635415,68.07606561,-13.66168524,-10.84978723,76.22295983796862,a
27,A3158,0.059,55.7207169,-53.63126929,55.75118095718964,-53.64624297,55.74938531726162,-53.64375408,2.54,-76.78431417,-22.33376246,44.16863613072679,12.722833025765917,32.83766613524949,56.199193785758936,a
28,RXCJ1217.6+0339,0.0772,184.42137393760686,3.6558608510611683,184.40422903920734,3.6449514489025154,184.4276034283361,3.6650474335710634,-81.72,-28.99745826,-32.27689066,20.854200442974584,-21.87379381,-45.25064657,-56.39253721,a
29,A2811,0.107605,10.537034287871732,-28.5357391,10.543776327049125,-28.53828957,10.541235625570827,-28.53971655,40.79,-7.074718273,50.207853032067064,53.13335701118101,6.465663165679411,34.619034061120956,30.83365144440561,a
30,A780,0.0522,139.52362144581932,-12.09550075,139.5180914877626,-12.12196038,139.53226162285569,-12.12384654,59.33,3.4705991853932776,33.467071955281945,48.55623725212585,68.29859044395376,67.53438456033723,58.55534463155496,a
31,A2420,0.0846,332.5782248610006,-12.17056038,332.56589568275757,-12.1644722,332.56258662938313,-12.19339164,-42.19,15.750923470462643,13.193965149870404,-62.82089704,-63.58792229,-53.77243109,-44.1655449,a
33,A1285,0.11,172.59944019149714,-14.58135517,172.5801571118017,-14.58575405,172.59168261148994,-14.58473627,31.9,47.052095264576565,44.17496350945555,52.021610241545524,30.836917050605273,62.23355735807055,61.05301506,b
35,A3911,0.097,341.56271851137666,-52.72073272,341.54103789601857,-52.72381214,341.5171182990242,-52.68717128,46.02,-25.48902724,3.2608618844033685,-3.787049044,39.96031668577478,54.74884005926274,54.79826704760049,a
39,A2055,0.1023,229.69054522558267,6.232252602708265,229.72839155981933,6.261155094277992,229.6904734726458,6.245594157472367,64.58,57.42381259719628,-76.40418319,-62.05570428,58.147246013155495,66.41560485559783,67.65076464039943,c
41,A1750,0.0856,202.7107742571306,-1.861961968,202.78487146556157,-1.733406832,202.70550249372937,-1.868826003,-10.57,-58.1501051,-59.38114689,19.726181266564105,-46.36295727,-55.64256757,-49.65399794,c
42,A3822,0.076,328.51753291608827,-57.86752459,328.5498400790576,-57.87137471,328.5539444750265,-57.85451439,-63.66,-22.7561752,63.246147049449014,38.53765366295174,-25.8264579,-46.11476021,-50.63466257,b
45,A2941,0.118,26.24001175926346,-53.01991862,26.31261974720888,-53.0553665,26.28123288146583,-53.02280431,2.6,85.34316126990696,-77.73183251,32.825477052866916,14.37288489967297,22.963256340642282,29.583323906941608,b
46,A2440,0.0909,335.9872318213873,-1.583283083,336.00127204712766,-1.597795282,335.9700583416229,-1.618655096,-33.78,3.1803238132092195,25.46722952491861,19.325703937138744,-44.4290731,-41.46139809,-46.80682206,c
48,A1644,0.047,194.29837785980123,-17.40922442,194.3020406413361,-17.40837247,194.37896963255795,-17.25493918,-44.33,-79.57640542,82.79202471640698,52.29805974,75.44319922501133,89.11944066774595,76.22510373064729,a
49,A1348,0.11985,175.35085332647208,-12.2773766,175.34816540893127,-12.27367856,175.38193655078592,-12.25556505,-9.99,-12.08603492,-19.84941554,82.31802432160494,-18.98814123,-13.57963646,-35.52954546,a
51,RBS1847,0.0951,334.5022648642336,-65.18123431,334.46432360023465,-65.14417822,334.4970474,-65.17426268,-7.35,62.33486849619202,-84.06811376,-17.31192662,-45.70733386,-46.1970778,-69.28528088,a
55,RXCJ1215.4-3900,0.119,183.86414254532735,-39.03236418,183.86510420372593,-39.01062443,183.83085220719366,-39.04615206,-33.38,87.67505551736608,-69.86633864,-20.6662707,-40.50577777,-50.10545828,-72.79099069,a
58,A2351,0.0897,323.5676966895627,-13.42960211,323.58194786106924,-13.41990707,323.56538674719485,-13.42255917,61.63,-69.32910159,-86.7982281,-81.92937776,56.46208798105925,70.74737044947561,73.67496661527575,a
60,RXCJ2218.2-0350,0.09,334.66803721735164,-3.779830727,334.55618361294484,-3.800441802,334.6684345283042,-3.769982496,1.99,-9.346515494,-41.70017426,45.53856723444644,-51.25961966,-31.52366367,-36.60316908,c
61,A2443,0.1102,336.53301701616664,17.356499098791506,336.5376844364226,17.357030230579074,336.5212574741981,17.39136580555075,-54.86,87.29952924161736,85.32973568,79.63672149704576,74.28931498570725,62.88647319795685,61.265227658400086,c
63,A2050,0.1191,229.07477872560858,0.089129724,229.07941169867286,0.084547377,229.0712636,0.07727419,-49.24,-80.22517514,67.27089884153565,47.54768903092968,-38.16282504,-33.60205569,-44.94389958,a
65,A1736,0.0431,201.70297729338108,-27.14356917,201.71156429074188,-27.10915901,201.71306428881098,-27.13024776,77.11,-58.65167887,-37.77391087,-29.05244305,-77.17255595,85.22122847735251,-85.35882056,c
66,A2384,0.0943,328.0915275250129,-19.5468734,328.0891931,-19.56014107,328.08007477812885,-19.5531338,-60.52,-55.51537146,-56.47716105,-25.85330826,85.03295174237083,-77.84256906,-82.18577192,b
67,A4059,0.04908791,359.25292839381297,-34.75903725,359.2116241198358,-34.7945407,359.2506704308495,-34.74487005,62.39,82.640295,-71.59815686,24.53050475348156,52.59528142309348,53.910709809994344,73.88629293435092,a
74,A3836,0.11,332.33968198683016,-51.80717479,332.3382294405408,-51.80016449,332.34724342819965,-51.80677533,19.62,28.980119948418135,23.390612837617375,26.193337451918016,80.93718505378486,74.44643719440393,55.3952958,a
75,A2533,0.111,346.8082428765522,-15.22412172,346.8608934001597,-15.23108974,346.81490707701903,-15.20818852,-47.89,44.14674710234029,51.76929903718139,76.06697184112484,-48.67880143,-66.97221263,-72.36692269,a
76,A2556,0.0871,348.2559634437128,-21.63439727,nan,nan,348.2619070201512,-21.64533279,42.31,nan,nan,nan,9.736969616,7.976236534254509,23.80169797445586,a
80,A3126,0.0844,52.14967534130892,-55.71241597,52.14977028954036,-55.71229433,52.14842047956299,-55.7112934,-65.88,84.66189395,87.05272323582338,-75.13159372,76.26486212432074,45.170543817867795,75.72929649923405,a
85,RXCJ0049.4-2931,0.10843,12.345246834664138,-29.52023703,12.364485461835363,-29.52229253,12.337340238317102,-29.51844807,35.29,28.522963390168446,27.993527001995403,24.199365651312608,74.88881834517298,-82.5728149,67.49781833623072,a
89,A2554,0.1087,348.08301875364515,-21.50273055,348.07510464849713,-21.49227208,348.07348685869783,-21.49179548,-84.87,-12.45874935,-4.653990321,1.6752927918657097,-72.7019416,-72.1864811,46.66166906837985,a
90,A2033,0.0822,227.86051563002064,6.349123043545577,nan,nan,nan,nan,-36.33,nan,nan,nan,nan,nan,nan,a
93,A3395,0.051,96.90113491,-54.44941589,96.66840043231694,-54.59239022,96.84726032096341,-54.45408184,33.97,44.64356055757096,81.59777662,-73.50878034,35.41759512707524,28.11283094486061,44.641178701845746,b
94,A1606,0.0963,191.15074032871553,-11.99447953,191.15299041707308,-12.00725119,191.1483840491371,-12.00728143,-80.06,63.54204603214248,48.01814913609507,74.58062501731509,-67.72947064,55.68980076523992,26.25042245491395,a
98,A2670,0.0761,358.55700318260233,-10.41907627,358.54045895238244,-10.40533153,358.5550820661163,-10.41350985,30.25,-62.1196546,19.35817161291454,53.66051550021497,84.52705329140156,-64.80086584,-62.85063033,a
99,A3532,0.055525,194.34151986144022,-30.3636072,194.33253956467414,-30.36453621,194.31587675390722,-30.36908181,-7.6,-27.27677694,3.1288646967519904,57.88957005698032,-39.68227907,-25.74701414,-12.60403916,a
108,RXCJ1139.4-3327,0.1076,174.84808558443598,-33.44669853,174.8308095028521,-33.4598653,174.84962243253236,-33.44123521,76.94,-69.70101521,84.80901904,-38.28803188,-85.20182758,-83.52406325,78.28381472935591,a
119,RXJ0820.9+0751,0.1100741,125.25949902077473,7.863160774255133,125.25716836476022,7.871541296730016,125.27067932239116,7.857578998791944,14.93,-56.27937484,87.37478138606245,-73.94944094,8.008289414341956,44.56472556186534,-38.93876593,a
121,A3128,0.0554,52.660193568123894,-52.61947249,52.64362596808228,-52.53116088,52.61796269141029,-52.55723188,-80.54,-80.24918205,78.06116429984326,49.57219721453185,-86.16506545,-87.36457513,-64.33766479,c
122,A1023,0.117,156.9945378539402,-6.799005491,157.00072453186078,-6.786601138,156.99472550875115,-6.790721541,48.76,27.311738000317348,-19.62575751,-31.74947269,44.03354663842017,52.57051072270055,75.35899182873324,a
123,A3528,0.0553,193.5926227823994,-29.01305347,193.60830935480072,-29.00306686,193.5912648071274,-29.00295291,89.44,-86.36496804,-76.23822092,-86.58850832,-89.30193121,76.93958619244728,74.50961090675604,b
131,A761,0.091,137.64970688390434,-10.58236559,137.64613884068964,-10.58719258,137.68320881548374,-10.58788424,0.62,-56.03494861,32.334398524439884,-48.38146661,34.66684859226167,17.68497469144794,0.5859025240144827,a
134,A3825,0.0744,329.60740261616166,-60.39130971,nan,nan,329.62072380625216,-60.35672983,79.58,nan,nan,nan,-77.57251379,-76.61908574,-6.93279822,b