name,xmm_pointed_MCXC_R500,xmm_pointed_0.3Mpc,xmm_pointed_0.5Mpc,xmm_pointed_1.0Mpc,xmm_pointed_2.0Mpc,chandra_MCXC_R500,chandra_0.3Mpc,chandra_0.5Mpc,chandra_1.0Mpc,chandra_2.0Mpc,rosat_pointed_pspc_MCXC_R500,rosat_pointed_pspc_0.3Mpc,rosat_pointed_pspc_0.5Mpc,rosat_pointed_pspc_1.0Mpc,rosat_pointed_pspc_2.0Mpc,rosat_pointed_hri_MCXC_R500,rosat_pointed_hri_0.3Mpc,rosat_pointed_hri_0.5Mpc,rosat_pointed_hri_1.0Mpc,rosat_pointed_hri_2.0Mpc,nustar_pointed_MCXC_R500,nustar_pointed_0.3Mpc,nustar_pointed_0.5Mpc,nustar_pointed_1.0Mpc,nustar_pointed_2.0Mpc,swift_xrt_MCXC_R500,swift_xrt_0.3Mpc,swift_xrt_0.5Mpc,swift_xrt_1.0Mpc,swift_xrt_2.0Mpc,asca_MCXC_R500,asca_0.3Mpc,asca_0.5Mpc,asca_1.0Mpc,asca_2.0Mpc,suzaku_MCXC_R500,suzaku_0.3Mpc,suzaku_0.5Mpc,suzaku_1.0Mpc,suzaku_2.0Mpc,erosita_all_sky_de_dr1_MCXC_R500,erosita_all_sky_de_dr1_0.3Mpc,erosita_all_sky_de_dr1_0.5Mpc,erosita_all_sky_de_dr1_1.0Mpc,erosita_all_sky_de_dr1_2.0Mpc
LoVoCCS-1,1.0,1.0,1.0,1.0,0.97,1.0,1.0,1.0,1.0,0.95,1.0,1.0,1.0,1.0,1.0,1.0,1.0,1.0,1.0,1.0,1.0,1.0,1.0,1.0,0.94,0.8,1.0,1.0,0.99,0.51,1.0,1.0,1.0,1.0,0.87,1.0,1.0,1.0,1.0,0.99,0.0,0.0,0.0,0.0,0.0
LoVoCCS-2,1.0,1.0,1.0,1.0,0.98,1.0,1.0,1.0,1.0,0.91,1.0,1.0,1.0,1.0,1.0,1.0,1.0,1.0,1.0,1.0,0.0,0.0,0.0,0.0,0.0,1.0,1.0,1.0,1.0,0.99,1.0,1.0,1.0,1.0,0.93,0.39,0.0,0.18,0.36,0.43,0.0,0.0,0.0,0.0,0.0
LoVoCCS-4A,0.99,1.0,1.0,1.0,0.86,1.0,1.0,1.0,1.0,0.92,1.0,1.0,1.0,1.0,1.0,1.0,1.0,1.0,1.0,0.99,0.0,0.0,0.0,0.0,0.0,0.51,1.0,1.0,0.74,0.22,0.99,1.0,1.0,1.0,0.53,0.54,1.0,0.91,0.66,0.33,0.0,0.0,0.0,0.0,0.0
LoVoCCS-4B,0.94,1.0,1.0,0.96,0.83,1.0,1.0,1.0,1.0,0.81,1.0,1.0,1.0,1.0,1.0,1.0,1.0,1.0,1.0,0.96,0.0,0.0,0.0,0.0,0.0,0.48,0.98,0.76,0.51,0.29,0.93,1.0,1.0,1.0,0.53,0.73,1.0,1.0,0.89,0.39,0.0,0.0,0.0,0.0,0.0
LoVoCCS-5,1.0,1.0,1.0,1.0,0.82,0.96,1.0,1.0,0.99,0.66,1.0,1.0,1.0,1.0,1.0,1.0,1.0,1.0,1.0,0.99,0.99,1.0,1.0,0.99,0.54,0.58,1.0,1.0,0.73,0.32,0.96,1.0,1.0,1.0,0.77,0.88,1.0,1.0,0.95,0.57,1.0,1.0,1.0,1.0,1.0
LoVoCCS-7,1.0,1.0,1.0,1.0,0.98,0.69,1.0,1.0,0.75,0.44,0.0,0.0,0.0,0.0,0.0,1.0,1.0,1.0,1.0,1.0,0.0,0.0,0.0,0.0,0.0,0.34,0.2,0.29,0.34,0.29,0.0,0.0,0.0,0.0,0.0,0.0,0.0,0.0,0.0,0.0,1.0,1.0,1.0,1.0,1.0
LoVoCCS-9,1.0,1.0,1.0,1.0,0.9,0.7,1.0,1.0,0.78,0.37,1.0,1.0,1.0,1.0,1.0,1.0,1.0,1.0,1.0,1.0,1.0,1.0,1.0,1.0,0.67,0.69,1.0,1.0,0.82,0.23,0.98,1.0,1.0,1.0,0.56,0.0,0.0,0.0,0.0,0.0,1.0,1.0,1.0,1.0,1.0
LoVoCCS-10,1.0,1.0,1.0,1.0,0.5,0.96,1.0,1.0,0.99,0.53,1.0,1.0,1.0,1.0,1.0,0.0,0.0,0.0,0.0,0.0,0.99,1.0,1.0,0.99,0.98,1.0,1.0,1.0,1.0,0.6,1.0,1.0,1.0,1.0,0.81,0.0,0.0,0.0,0.0,0.0,1.0,1.0,1.0,1.0,1.0
LoVoCCS-11,1.0,1.0,1.0,1.0,0.97,1.0,1.0,1.0,1.0,0.9,1.0,1.0,1.0,1.0,1.0,1.0,1.0,1.0,1.0,1.0,0.87,1.0,1.0,0.91,0.52,0.58,1.0,0.81,0.61,0.34,1.0,1.0,1.0,1.0,0.48,0.63,1.0,1.0,0.74,0.22,1.0,1.0,1.0,1.0,1.0
LoVoCCS-12,0.51,1.0,1.0,0.6,0.21,0.39,0.97,0.81,0.5,0.13,1.0,1.0,1.0,1.0,1.0,1.0,1.0,1.0,1.0,0.76,0.82,1.0,1.0,0.97,0.28,0.24,1.0,0.95,0.32,0.17,0.95,1.0,1.0,1.0,0.47,0.37,1.0,1.0,0.49,0.12,1.0,1.0,1.0,1.0,1.0
LoVoCCS-13,1.0,1.0,1.0,1.0,0.44,1.0,1.0,1.0,1.0,0.9,1.0,1.0,1.0,1.0,1.0,1.0,1.0,1.0,1.0,1.0,1.0,1.0,1.0,1.0,0.89,0.96,1.0,1.0,0.99,0.62,1.0,1.0,1.0,1.0,0.79,1.0,1.0,1.0,1.0,0.99,1.0,1.0,1.0,1.0,1.0
LoVoCCS-14,1.0,1.0,1.0,1.0,0.6,0.92,1.0,1.0,0.98,0.6,1.0,1.0,1.0,1.0,0.99,1.0,1.0,1.0,1.0,1.0,0.0,0.0,0.0,0.0,0.0,1.0,1.0,1.0,1.0,1.0,1.0,1.0,1.0,1.0,0.84,0.44,0.17,0.38,0.43,0.45,0.0,0.0,0.0,0.0,0.0
LoVoCCS-15,1.0,1.0,1.0,1.0,0.6,1.0,1.0,1.0,1.0,0.98,1.0,1.0,1.0,1.0,1.0,1.0,1.0,1.0,1.0,1.0,0.0,0.0,0.0,0.0,0.0,0.16,0.0,0.0,0.12,0.33,1.0,1.0,1.0,1.0,0.93,1.0,1.0,1.0,1.0,1.0,0.0,0.0,0.0,0.0,0.0
LoVoCCS-18,1.0,1.0,1.0,1.0,0.5,1.0,1.0,1.0,1.0,0.97,0.0,0.0,0.0,0.0,0.0,1.0,1.0,1.0,1.0,1.0,0.99,1.0,1.0,1.0,0.98,0.87,1.0,1.0,0.93,0.33,1.0,1.0,1.0,1.0,0.85,0.0,0.0,0.0,0.0,0.0,1.0,1.0,1.0,1.0,1.0
LoVoCCS-21,0.85,1.0,1.0,0.9,0.54,0.82,1.0,0.87,0.84,0.68,1.0,1.0,1.0,1.0,1.0,0.99,1.0,1.0,0.99,0.88,1.0,1.0,0.99,1.0,0.41,0.67,1.0,1.0,0.75,0.4,1.0,1.0,1.0,1.0,0.61,0.22,0.0,0.0,0.16,0.37,1.0,1.0,1.0,1.0,1.0
LoVoCCS-22,1.0,1.0,1.0,1.0,0.55,1.0,1.0,1.0,1.0,0.61,0.0,0.0,0.0,0.0,0.0,1.0,1.0,1.0,1.0,1.0,0.0,0.0,0.0,0.0,0.0,0.9,1.0,0.99,0.91,0.76,0.0,0.0,0.0,0.0,0.0,0.0,0.0,0.0,0.0,0.0,0.0,0.0,0.0,0.0,0.0
LoVoCCS-24,1.0,1.0,1.0,1.0,0.61,0.89,1.0,1.0,0.92,0.45,1.0,1.0,1.0,1.0,1.0,0.0,0.0,0.0,0.0,0.0,0.0,0.0,0.0,0.0,0.0,1.0,1.0,1.0,1.0,0.54,1.0,1.0,1.0,1.0,0.94,0.0,0.0,0.0,0.0,0.0,1.0,1.0,1.0,1.0,1.0
LoVoCCS-26,1.0,1.0,1.0,1.0,0.65,1.0,1.0,1.0,1.0,0.56,0.0,0.0,0.0,0.0,0.0,0.0,0.0,0.0,0.0,0.0,0.0,0.0,0.0,0.0,0.0,0.0,0.0,0.0,0.0,0.0,0.0,0.0,0.0,0.0,0.0,0.0,0.0,0.0,0.0,0.0,0.0,0.0,0.0,0.0,0.0
LoVoCCS-27,1.0,1.0,1.0,1.0,0.86,0.93,1.0,1.0,0.98,0.32,1.0,1.0,1.0,1.0,1.0,0.0,0.0,0.0,0.0,0.0,1.0,1.0,1.0,1.0,0.61,0.6,0.98,0.98,0.68,0.17,1.0,1.0,1.0,1.0,0.56,0.0,0.0,0.0,0.0,0.0,1.0,1.0,1.0,1.0,1.0
LoVoCCS-28,1.0,1.0,1.0,1.0,0.97,0.95,1.0,1.0,0.97,0.46,1.0,1.0,1.0,1.0,1.0,0.0,0.0,0.0,0.0,0.0,0.0,0.0,0.0,0.0,0.0,0.0,0.0,0.0,0.0,0.0,0.0,0.0,0.0,0.0,0.0,0.0,0.0,0.0,0.0,0.0,1.0,1.0,1.0,1.0,1.0
LoVoCCS-29,1.0,1.0,1.0,1.0,0.78,0.0,0.0,0.0,0.0,0.0,1.0,1.0,1.0,1.0,1.0,1.0,1.0,1.0,1.0,1.0,0.0,0.0,0.0,0.0,0.0,0.0,0.0,0.0,0.0,0.0,1.0,1.0,1.0,1.0,1.0,1.0,1.0,1.0,1.0,0.74,0.85,1.0,1.0,0.86,0.69
LoVoCCS-30,1.0,1.0,1.0,1.0,0.86,0.97,1.0,1.0,0.98,0.5,1.0,1.0,1.0,1.0,1.0,1.0,1.0,1.0,1.0,1.0,0.0,0.0,0.0,0.0,0.0,0.64,1.0,1.0,0.73,0.18,0.95,1.0,1.0,0.98,0.4,1.0,1.0,1.0,1.0,0.8,1.0,1.0,1.0,1.0,1.0
LoVoCCS-31,1.0,1.0,1.0,1.0,0.5,1.0,1.0,1.0,1.0,0.77,0.0,0.0,0.0,0.0,0.0,0.0,0.0,0.0,0.0,0.0,0.0,0.0,0.0,0.0,0.0,0.0,0.0,0.0,0.0,0.0,0.0,0.0,0.0,0.0,0.0,0.0,0.0,0.0,0.0,0.0,0.0,0.0,0.0,0.0,0.0
LoVoCCS-33,0.35,0.16,0.29,0.35,0.35,1.0,1.0,1.0,1.0,0.93,0.0,0.0,0.0,0.0,0.0,0.0,0.0,0.0,0.0,0.0,0.87,0.97,0.98,0.87,0.7,0.49,0.49,0.47,0.49,0.52,0.0,0.0,0.0,0.0,0.0,0.37,0.08,0.23,0.36,0.36,1.0,1.0,1.0,1.0,1.0
LoVoCCS-35,1.0,1.0,1.0,1.0,0.63,0.99,1.0,1.0,0.99,0.7,0.0,0.0,0.0,0.0,0.0,0.0,0.0,0.0,0.0,0.0,0.0,0.0,0.0,0.0,0.0,0.0,0.0,0.0,0.0,0.0,0.0,0.0,0.0,0.0,0.0,0.0,0.0,0.0,0.0,0.0,1.0,1.0,1.0,1.0,1.0
LoVoCCS-39,1.0,1.0,1.0,1.0,0.7,0.0,0.0,0.0,0.0,0.0,0.92,1.0,1.0,0.92,0.7,1.0,1.0,1.0,1.0,1.0,0.0,0.0,0.0,0.0,0.0,1.0,1.0,1.0,1.0,0.53,0.0,0.0,0.0,0.0,0.0,0.0,0.0,0.0,0.0,0.0,0.0,0.0,0.0,0.0,0.0
LoVoCCS-41A,1.0,1.0,1.0,1.0,0.51,1.0,1.0,1.0,1.0,0.86,1.0,1.0,1.0,1.0,1.0,1.0,1.0,1.0,1.0,0.98,0.0,0.0,0.0,0.0,0.0,1.0,1.0,1.0,1.0,0.86,1.0,1.0,1.0,1.0,0.81,1.0,1.0,1.0,1.0,0.9,1.0,1.0,1.0,1.0,1.0
LoVoCCS-41B,0.84,1.0,1.0,0.84,0.49,1.0,1.0,1.0,1.0,0.73,1.0,1.0,1.0,1.0,1.0,1.0,1.0,1.0,1.0,0.88,0.0,0.0,0.0,0.0,0.0,1.0,1.0,1.0,1.0,0.89,1.0,1.0,1.0,1.0,0.85,1.0,1.0,1.0,1.0,0.82,1.0,1.0,1.0,1.0,1.0
LoVoCCS-41C,0.21,0.0,0.06,0.21,0.26,0.93,1.0,1.0,0.92,0.63,1.0,1.0,1.0,1.0,1.0,1.0,1.0,1.0,1.0,0.99,0.0,0.0,0.0,0.0,0.0,0.53,0.86,0.7,0.52,0.43,0.39,0.33,0.36,0.39,0.37,1.0,1.0,1.0,1.0,0.73,1.0,1.0,1.0,1.0,1.0
LoVoCCS-42,1.0,1.0,1.0,1.0,0.42,0.98,1.0,1.0,0.98,0.5,0.0,0.0,0.0,0.0,0.0,0.0,0.0,0.0,0.0,0.0,0.0,0.0,0.0,0.0,0.0,1.0,1.0,1.0,1.0,0.73,1.0,1.0,1.0,1.0,0.83,0.0,0.0,0.0,0.0,0.0,1.0,1.0,1.0,1.0,1.0
LoVoCCS-45,1.0,1.0,1.0,1.0,0.93,0.0,0.0,0.0,0.0,0.0,0.0,0.0,0.0,0.0,0.0,0.0,0.0,0.0,0.0,0.0,0.0,0.0,0.0,0.0,0.0,0.0,0.0,0.0,0.0,0.0,0.0,0.0,0.0,0.0,0.0,0.0,0.0,0.0,0.0,0.0,1.0,1.0,1.0,1.0,1.0
LoVoCCS-46A,1.0,1.0,1.0,1.0,0.57,0.92,1.0,1.0,0.91,0.5,1.0,1.0,1.0,1.0,1.0,0.0,0.0,0.0,0.0,0.0,0.0,0.0,0.0,0.0,0.0,0.0,0.0,0.0,0.0,0.0,1.0,1.0,1.0,1.0,0.94,0.0,0.0,0.0,0.0,0.0,0.0,0.0,0.0,0.0,0.0
LoVoCCS-46B,0.94,1.0,1.0,0.92,0.52,0.6,0.76,0.69,0.6,0.45,1.0,1.0,1.0,1.0,0.94,0.0,0.0,0.0,0.0,0.0,0.0,0.0,0.0,0.0,0.0,0.0,0.0,0.0,0.0,0.0,1.0,1.0,1.0,1.0,0.74,0.0,0.0,0.0,0.0,0.0,0.0,0.0,0.0,0.0,0.0
LoVoCCS-46C,1.0,1.0,1.0,1.0,0.57,1.0,1.0,1.0,1.0,0.5,1.0,1.0,1.0,1.0,1.0,0.0,0.0,0.0,0.0,0.0,0.0,0.0,0.0,0.0,0.0,0.0,0.0,0.0,0.0,0.0,1.0,1.0,1.0,1.0,1.0,0.0,0.0,0.0,0.0,0.0,0.0,0.0,0.0,0.0,0.0
LoVoCCS-48A,0.99,1.0,1.0,0.99,0.69,0.78,1.0,0.97,0.77,0.26,0.0,0.0,0.0,0.0,0.0,1.0,1.0,1.0,1.0,0.96,1.0,1.0,1.0,1.0,0.4,0.99,1.0,1.0,0.99,0.82,0.0,0.0,0.0,0.0,0.0,0.0,0.0,0.0,0.0,0.0,1.0,1.0,1.0,1.0,1.0
LoVoCCS-48B,0.97,1.0,1.0,0.97,0.69,0.76,1.0,0.98,0.76,0.28,0.0,0.0,0.0,0.0,0.0,1.0,1.0,1.0,1.0,0.83,0.78,1.0,1.0,0.78,0.43,0.99,0.99,1.0,0.99,0.8,0.0,0.0,0.0,0.0,0.0,0.0,0.0,0.0,0.0,0.0,1.0,1.0,1.0,1.0,1.0
LoVoCCS-49,1.0,1.0,1.0,1.0,0.85,1.0,1.0,1.0,0.97,0.42,0.0,0.0,0.0,0.0,0.0,0.0,0.0,0.0,0.0,0.0,0.0,0.0,0.0,0.0,0.0,1.0,1.0,1.0,1.0,0.87,0.0,0.0,0.0,0.0,0.0,0.0,0.0,0.0,0.0,0.0,1.0,1.0,1.0,1.0,1.0
LoVoCCS-51,1.0,1.0,1.0,1.0,0.62,0.99,1.0,1.0,0.99,0.68,0.0,0.0,0.0,0.0,0.0,0.0,0.0,0.0,0.0,0.0,0.0,0.0,0.0,0.0,0.0,1.0,1.0,1.0,1.0,0.57,0.0,0.0,0.0,0.0,0.0,0.0,0.0,0.0,0.0,0.0,1.0,1.0,1.0,1.0,1.0
LoVoCCS-55,0.0,0.0,0.0,0.0,0.0,0.99,1.0,1.0,0.99,0.9,0.0,0.0,0.0,0.0,0.0,0.0,0.0,0.0,0.0,0.0,0.0,0.0,0.0,0.0,0.0,0.0,0.0,0.0,0.0,0.0,0.0,0.0,0.0,0.0,0.0,0.0,0.0,0.0,0.0,0.0,1.0,1.0,1.0,1.0,1.0
LoVoCCS-58,1.0,1.0,1.0,1.0,0.56,0.0,0.0,0.0,0.0,0.0,0.0,0.0,0.0,0.0,0.0,0.0,0.0,0.0,0.0,0.0,0.0,0.0,0.0,0.0,0.0,0.0,0.0,0.0,0.0,0.0,0.0,0.0,0.0,0.0,0.0,0.0,0.0,0.0,0.0,0.0,0.0,0.0,0.0,0.0,0.0
LoVoCCS-60A,1.0,1.0,1.0,1.0,0.78,1.0,1.0,1.0,0.99,0.47,0.0,0.0,0.0,0.0,0.0,0.0,0.0,0.0,0.0,0.0,0.0,0.0,0.0,0.0,0.0,1.0,1.0,1.0,1.0,0.58,0.0,0.0,0.0,0.0,0.0,1.0,1.0,1.0,1.0,0.72,0.0,0.0,0.0,0.0,0.0
LoVoCCS-60B,1.0,1.0,1.0,1.0,0.76,0.96,1.0,1.0,0.94,0.48,0.0,0.0,0.0,0.0,0.0,0.0,0.0,0.0,0.0,0.0,0.0,0.0,0.0,0.0,0.0,0.99,1.0,1.0,0.99,0.68,0.0,0.0,0.0,0.0,0.0,1.0,1.0,1.0,1.0,0.72,0.0,0.0,0.0,0.0,0.0
LoVoCCS-61,1.0,1.0,1.0,1.0,0.75,1.0,1.0,1.0,1.0,0.86,0.0,0.0,0.0,0.0,0.0,0.0,0.0,0.0,0.0,0.0,0.0,0.0,0.0,0.0,0.0,0.41,0.38,0.39,0.41,0.35,0.0,0.0,0.0,0.0,0.0,0.0,0.0,0.0,0.0,0.0,0.0,0.0,0.0,0.0,0.0
LoVoCCS-63,1.0,1.0,1.0,1.0,0.93,1.0,1.0,1.0,1.0,0.66,0.0,0.0,0.0,0.0,0.0,0.0,0.0,0.0,0.0,0.0,1.0,1.0,1.0,1.0,0.92,1.0,1.0,1.0,1.0,0.82,0.0,0.0,0.0,0.0,0.0,0.0,0.0,0.0,0.0,0.0,0.0,0.0,0.0,0.0,0.0
LoVoCCS-65,0.69,1.0,1.0,0.65,0.16,1.0,1.0,1.0,0.99,0.47,0.0,0.0,0.0,0.0,0.0,1.0,1.0,1.0,1.0,0.93,0.0,0.0,0.0,0.0,0.0,0.0,0.0,0.0,0.0,0.0,0.96,1.0,1.0,0.94,0.35,0.0,0.0,0.0,0.0,0.0,1.0,1.0,1.0,1.0,1.0
LoVoCCS-66A,0.82,1.0,1.0,0.79,0.5,0.97,1.0,1.0,0.96,0.65,0.0,0.0,0.0,0.0,0.0,1.0,1.0,1.0,1.0,1.0,0.0,0.0,0.0,0.0,0.0,0.0,0.0,0.0,0.0,0.0,0.0,0.0,0.0,0.0,0.0,0.0,0.0,0.0,0.0,0.0,0.0,0.0,0.0,0.0,0.0
LoVoCCS-66B,1.0,1.0,1.0,1.0,0.61,0.94,1.0,1.0,0.92,0.57,0.0,0.0,0.0,0.0,0.0,1.0,1.0,1.0,1.0,1.0,0.0,0.0,0.0,0.0,0.0,0.0,0.0,0.0,0.0,0.0,0.0,0.0,0.0,0.0,0.0,0.0,0.0,0.0,0.0,0.0,0.0,0.0,0.0,0.0,0.0
LoVoCCS-67,0.84,1.0,1.0,0.78,0.19,0.95,1.0,1.0,0.93,0.31,1.0,1.0,1.0,1.0,1.0,1.0,1.0,1.0,1.0,0.98,0.0,0.0,0.0,0.0,0.0,0.0,0.0,0.0,0.0,0.0,1.0,1.0,1.0,1.0,0.38,0.0,0.0,0.0,0.0,0.0,1.0,1.0,1.0,1.0,1.0
LoVoCCS-74,1.0,1.0,1.0,1.0,0.75,0.0,0.0,0.0,0.0,0.0,0.0,0.0,0.0,0.01,0.2,0.0,0.0,0.0,0.0,0.0,0.0,0.0,0.0,0.0,0.0,0.0,0.0,0.0,0.0,0.0,0.0,0.0,0.0,0.0,0.0,0.0,0.0,0.0,0.0,0.0,1.0,1.0,1.0,1.0,1.0
LoVoCCS-75,1.0,1.0,1.0,1.0,0.8,0.96,1.0,1.0,0.93,0.49,1.0,1.0,1.0,1.0,1.0,0.0,0.0,0.0,0.0,0.0,0.0,0.0,0.0,0.0,0.0,0.34,0.05,0.21,0.35,0.32,0.0,0.0,0.0,0.0,0.0,0.0,0.0,0.0,0.0,0.0,0.0,0.0,0.0,0.0,0.0
LoVoCCS-76,1.0,1.0,1.0,1.0,0.65,0.99,1.0,1.0,0.99,0.81,0.0,0.0,0.0,0.0,0.0,1.0,1.0,1.0,1.0,1.0,0.0,0.0,0.0,0.0,0.0,0.0,0.0,0.0,0.0,0.0,1.0,1.0,1.0,1.0,0.74,0.0,0.0,0.0,0.0,0.0,0.0,0.0,0.0,0.0,0.0
LoVoCCS-80,1.0,1.0,1.0,1.0,0.53,0.88,1.0,1.0,0.85,0.42,0.0,0.0,0.0,0.0,0.0,0.0,0.0,0.0,0.0,0.0,0.0,0.0,0.0,0.0,0.0,1.0,1.0,1.0,1.0,0.46,0.0,0.0,0.0,0.0,0.0,0.0,0.0,0.0,0.0,0.0,1.0,1.0,1.0,1.0,1.0
LoVoCCS-85,1.0,1.0,1.0,1.0,0.78,0.0,0.0,0.0,0.0,0.0,1.0,1.0,1.0,1.0,1.0,0.0,0.0,0.0,0.0,0.0,0.0,0.0,0.0,0.0,0.0,0.0,0.0,0.0,0.0,0.0,0.0,0.0,0.0,0.0,0.0,0.0,0.0,0.0,0.0,0.0,1.0,1.0,1.0,1.0,1.0
LoVoCCS-89,1.0,1.0,1.0,1.0,0.9,0.96,1.0,1.0,0.93,0.73,0.0,0.0,0.0,0.0,0.0,1.0,1.0,1.0,1.0,1.0,0.0,0.0,0.0,0.0,0.0,0.0,0.0,0.0,0.0,0.0,1.0,1.0,1.0,1.0,1.0,0.0,0.0,0.0,0.0,0.0,0.0,0.0,0.0,0.0,0.0
LoVoCCS-90,0.79,1.0,0.98,0.76,0.46,1.0,1.0,1.0,0.99,0.52,1.0,1.0,1.0,1.0,1.0,0.37,0.16,0.29,0.38,0.44,0.0,0.0,0.0,0.0,0.11,0.0,0.0,0.0,0.0,0.05,1.0,1.0,1.0,1.0,1.0,0.12,0.0,0.0,0.15,0.29,0.0,0.0,0.0,0.0,0.0
LoVoCCS-93A,0.88,1.0,1.0,0.83,0.46,0.72,1.0,0.89,0.71,0.44,1.0,1.0,1.0,1.0,1.0,1.0,1.0,1.0,1.0,0.96,0.88,1.0,1.0,0.85,0.45,0.58,1.0,0.84,0.56,0.23,1.0,1.0,1.0,1.0,0.66,0.92,1.0,1.0,0.9,0.49,1.0,1.0,1.0,1.0,1.0
LoVoCCS-93B,0.67,1.0,0.99,0.63,0.38,0.89,1.0,1.0,0.85,0.41,1.0,1.0,1.0,1.0,1.0,1.0,1.0,1.0,1.0,0.95,0.9,1.0,1.0,0.88,0.45,0.81,1.0,1.0,0.77,0.23,0.91,1.0,1.0,0.89,0.59,0.93,1.0,1.0,0.91,0.45,1.0,1.0,1.0,1.0,1.0
LoVoCCS-94,1.0,1.0,1.0,1.0,0.63,0.0,0.0,0.0,0.0,0.0,0.0,0.0,0.0,0.0,0.15,0.0,0.0,0.0,0.0,0.0,0.0,0.0,0.0,0.0,0.0,0.82,1.0,0.93,0.8,0.63,0.0,0.0,0.0,0.0,0.0,0.0,0.0,0.0,0.0,0.0,1.0,1.0,1.0,1.0,1.0
LoVoCCS-98,1.0,1.0,1.0,1.0,0.44,1.0,1.0,1.0,0.98,0.46,1.0,1.0,1.0,1.0,1.0,1.0,1.0,1.0,1.0,1.0,0.0,0.0,0.0,0.0,0.0,1.0,1.0,1.0,1.0,0.81,1.0,1.0,1.0,1.0,0.76,0.0,0.0,0.0,0.0,0.0,0.0,0.0,0.0,0.0,0.0
LoVoCCS-99,1.0,1.0,1.0,0.96,0.52,0.72,1.0,0.98,0.66,0.18,1.0,1.0,1.0,1.0,1.0,0.0,0.0,0.0,0.0,0.0,0.0,0.0,0.0,0.0,0.0,0.65,1.0,0.99,0.59,0.15,1.0,1.0,1.0,1.0,0.73,0.2,0.0,0.09,0.21,0.21,1.0,1.0,1.0,1.0,1.0
LoVoCCS-108,0.0,0.0,0.0,0.0,0.0,0.0,0.0,0.0,0.0,0.0,0.0,0.0,0.0,0.0,0.0,0.0,0.0,0.0,0.0,0.0,0.0,0.0,0.0,0.0,0.0,0.0,0.0,0.0,0.0,0.0,0.0,0.0,0.0,0.0,0.0,0.0,0.0,0.0,0.0,0.0,1.0,1.0,1.0,1.0,1.0
LoVoCCS-119,1.0,1.0,1.0,1.0,0.8,0.98,1.0,1.0,0.93,0.71,0.0,0.0,0.0,0.0,0.0,0.0,0.0,0.0,0.0,0.0,0.0,0.0,0.0,0.0,0.0,0.0,0.0,0.0,0.0,0.0,0.0,0.0,0.0,0.0,0.0,0.0,0.0,0.0,0.0,0.0,1.0,1.0,1.0,1.0,1.0
LoVoCCS-121,1.0,1.0,1.0,1.0,0.43,0.78,1.0,0.95,0.71,0.22,1.0,1.0,1.0,1.0,0.98,1.0,1.0,1.0,1.0,0.99,0.0,0.0,0.0,0.0,0.0,0.03,0.0,0.0,0.05,0.14,0.0,0.0,0.0,0.0,0.0,0.0,0.0,0.0,0.0,0.0,1.0,1.0,1.0,1.0,1.0
LoVoCCS-122,0.0,0.0,0.0,0.0,0.0,0.0,0.0,0.0,0.0,0.0,0.0,0.0,0.0,0.0,0.0,0.0,0.0,0.0,0.0,0.0,0.0,0.0,0.0,0.0,0.0,0.0,0.0,0.0,0.0,0.0,0.0,0.0,0.0,0.0,0.0,0.0,0.0,0.0,0.0,0.0,1.0,1.0,1.0,1.0,1.0
LoVoCCS-123,0.97,1.0,1.0,0.95,0.57,0.99,1.0,1.0,0.95,0.71,1.0,1.0,1.0,1.0,1.0,0.0,0.0,0.0,0.0,0.0,0.0,0.0,0.0,0.0,0.0,0.8,0.99,0.93,0.8,0.72,1.0,1.0,1.0,1.0,0.48,0.26,0.22,0.25,0.26,0.22,1.0,1.0,1.0,1.0,1.0
LoVoCCS-131,1.0,1.0,1.0,1.0,0.57,0.0,0.0,0.0,0.0,0.0,1.0,1.0,1.0,0.98,0.78,0.0,0.0,0.0,0.0,0.0,0.0,0.0,0.0,0.0,0.0,0.0,0.0,0.0,0.0,0.0,0.0,0.0,0.0,0.0,0.0,0.0,0.0,0.0,0.0,0.0,1.0,1.0,1.0,1.0,1.0
LoVoCCS-134,1.0,1.0,1.0,1.0,0.51,0.0,0.0,0.0,0.0,0.0,0.0,0.0,0.0,0.0,0.0,0.8,1.0,1.0,0.72,0.47,0.0,0.0,0.0,0.0,0.0,0.0,0.0,0.0,0.0,0.05,0.0,0.0,0.0,0.0,0.0,0.0,0.0,0.0,0.0,0.0,1.0,1.0,1.0,1.0,1.0
